file	sample	variant_id	chrom	pos	ref	alt	genotype	alt_dosage
ALL.chr15.phase3_shapeit2_mvncall_integrated_v5b.20130502.genotypes.vcf.gz	HG00096	.	15	28365618	A	G	1|1	2
ALL.chr15.phase3_shapeit2_mvncall_integrated_v5b.20130502.genotypes.vcf.gz	HG00097	.	15	28365618	A	G	1|1	2
ALL.chr15.phase3_shapeit2_mvncall_integrated_v5b.20130502.genotypes.vcf.gz	HG00099	.	15	28365618	A	G	1|1	2
ALL.chr15.phase3_shapeit2_mvncall_integrated_v5b.20130502.genotypes.vcf.gz	HG00100	.	15	28365618	A	G	1|1	2
ALL.chr15.phase3_shapeit2_mvncall_integrated_v5b.20130502.genotypes.vcf.gz	HG00101	.	15	28365618	A	G	1|1	2
ALL.chr15.phase3_shapeit2_mvncall_integrated_v5b.20130502.genotypes.vcf.gz	HG00102	.	15	28365618	A	G	1|1	2
ALL.chr15.phase3_shapeit2_mvncall_integrated_v5b.20130502.genotypes.vcf.gz	HG00103	.	15	28365618	A	G	1|1	2
ALL.chr15.phase3_shapeit2_mvncall_integrated_v5b.20130502.genotypes.vcf.gz	HG00105	.	15	28365618	A	G	1|1	2
ALL.chr15.phase3_shapeit2_mvncall_integrated_v5b.20130502.genotypes.vcf.gz	HG00106	.	15	28365618	A	G	1|1	2
ALL.chr15.phase3_shapeit2_mvncall_integrated_v5b.20130502.genotypes.vcf.gz	HG00107	.	15	28365618	A	G	0|1	1
ALL.chr15.phase3_shapeit2_mvncall_integrated_v5b.20130502.genotypes.vcf.gz	HG00108	.	15	28365618	A	G	1|1	2
ALL.chr15.phase3_shapeit2_mvncall_integrated_v5b.20130502.genotypes.vcf.gz	HG00109	.	15	28365618	A	G	1|1	2
ALL.chr15.phase3_shapeit2_mvncall_integrated_v5b.20130502.genotypes.vcf.gz	HG00110	.	15	28365618	A	G	1|1	2
ALL.chr15.phase3_shapeit2_mvncall_integrated_v5b.20130502.genotypes.vcf.gz	HG00111	.	15	28365618	A	G	1|1	2
ALL.chr15.phase3_shapeit2_mvncall_integrated_v5b.20130502.genotypes.vcf.gz	HG00112	.	15	28365618	A	G	1|1	2
ALL.chr15.phase3_shapeit2_mvncall_integrated_v5b.20130502.genotypes.vcf.gz	HG00114	.	15	28365618	A	G	1|1	2
ALL.chr15.phase3_shapeit2_mvncall_integrated_v5b.20130502.genotypes.vcf.gz	HG00115	.	15	28365618	A	G	1|0	1
ALL.chr15.phase3_shapeit2_mvncall_integrated_v5b.20130502.genotypes.vcf.gz	HG00116	.	15	28365618	A	G	1|1	2
ALL.chr15.phase3_shapeit2_mvncall_integrated_v5b.20130502.genotypes.vcf.gz	HG00117	.	15	28365618	A	G	1|1	2
ALL.chr15.phase3_shapeit2_mvncall_integrated_v5b.20130502.genotypes.vcf.gz	HG00118	.	15	28365618	A	G	1|1	2
ALL.chr15.phase3_shapeit2_mvncall_integrated_v5b.20130502.genotypes.vcf.gz	HG00119	.	15	28365618	A	G	1|0	1
ALL.chr15.phase3_shapeit2_mvncall_integrated_v5b.20130502.genotypes.vcf.gz	HG00120	.	15	28365618	A	G	1|1	2
ALL.chr15.phase3_shapeit2_mvncall_integrated_v5b.20130502.genotypes.vcf.gz	HG00121	.	15	28365618	A	G	1|1	2
ALL.chr15.phase3_shapeit2_mvncall_integrated_v5b.20130502.genotypes.vcf.gz	HG00122	.	15	28365618	A	G	1|1	2
ALL.chr15.phase3_shapeit2_mvncall_integrated_v5b.20130502.genotypes.vcf.gz	HG00123	.	15	28365618	A	G	1|1	2
ALL.chr15.phase3_shapeit2_mvncall_integrated_v5b.20130502.genotypes.vcf.gz	HG00125	.	15	28365618	A	G	0|1	1
ALL.chr15.phase3_shapeit2_mvncall_integrated_v5b.20130502.genotypes.vcf.gz	HG00126	.	15	28365618	A	G	1|1	2
ALL.chr15.phase3_shapeit2_mvncall_integrated_v5b.20130502.genotypes.vcf.gz	HG00127	.	15	28365618	A	G	0|1	1
ALL.chr15.phase3_shapeit2_mvncall_integrated_v5b.20130502.genotypes.vcf.gz	HG00128	.	15	28365618	A	G	1|1	2
ALL.chr15.phase3_shapeit2_mvncall_integrated_v5b.20130502.genotypes.vcf.gz	HG00129	.	15	28365618	A	G	0|1	1
ALL.chr15.phase3_shapeit2_mvncall_integrated_v5b.20130502.genotypes.vcf.gz	HG00130	.	15	28365618	A	G	1|1	2
ALL.chr15.phase3_shapeit2_mvncall_integrated_v5b.20130502.genotypes.vcf.gz	HG00131	.	15	28365618	A	G	1|1	2
ALL.chr15.phase3_shapeit2_mvncall_integrated_v5b.20130502.genotypes.vcf.gz	HG00132	.	15	28365618	A	G	1|1	2
ALL.chr15.phase3_shapeit2_mvncall_integrated_v5b.20130502.genotypes.vcf.gz	HG00133	.	15	28365618	A	G	1|0	1
ALL.chr15.phase3_shapeit2_mvncall_integrated_v5b.20130502.genotypes.vcf.gz	HG00136	.	15	28365618	A	G	1|1	2
ALL.chr15.phase3_shapeit2_mvncall_integrated_v5b.20130502.genotypes.vcf.gz	HG00137	.	15	28365618	A	G	1|1	2
ALL.chr15.phase3_shapeit2_mvncall_integrated_v5b.20130502.genotypes.vcf.gz	HG00138	.	15	28365618	A	G	1|1	2
ALL.chr15.phase3_shapeit2_mvncall_integrated_v5b.20130502.genotypes.vcf.gz	HG00139	.	15	28365618	A	G	1|1	2
ALL.chr15.phase3_shapeit2_mvncall_integrated_v5b.20130502.genotypes.vcf.gz	HG00140	.	15	28365618	A	G	1|1	2
ALL.chr15.phase3_shapeit2_mvncall_integrated_v5b.20130502.genotypes.vcf.gz	HG00141	.	15	28365618	A	G	1|1	2
ALL.chr15.phase3_shapeit2_mvncall_integrated_v5b.20130502.genotypes.vcf.gz	HG00142	.	15	28365618	A	G	1|1	2
ALL.chr15.phase3_shapeit2_mvncall_integrated_v5b.20130502.genotypes.vcf.gz	HG00143	.	15	28365618	A	G	1|1	2
ALL.chr15.phase3_shapeit2_mvncall_integrated_v5b.20130502.genotypes.vcf.gz	HG00145	.	15	28365618	A	G	0|1	1
ALL.chr15.phase3_shapeit2_mvncall_integrated_v5b.20130502.genotypes.vcf.gz	HG00146	.	15	28365618	A	G	1|1	2
ALL.chr15.phase3_shapeit2_mvncall_integrated_v5b.20130502.genotypes.vcf.gz	HG00148	.	15	28365618	A	G	1|0	1
ALL.chr15.phase3_shapeit2_mvncall_integrated_v5b.20130502.genotypes.vcf.gz	HG00149	.	15	28365618	A	G	1|1	2
ALL.chr15.phase3_shapeit2_mvncall_integrated_v5b.20130502.genotypes.vcf.gz	HG00150	.	15	28365618	A	G	0|1	1
ALL.chr15.phase3_shapeit2_mvncall_integrated_v5b.20130502.genotypes.vcf.gz	HG00151	.	15	28365618	A	G	1|0	1
ALL.chr15.phase3_shapeit2_mvncall_integrated_v5b.20130502.genotypes.vcf.gz	HG00154	.	15	28365618	A	G	1|1	2
ALL.chr15.phase3_shapeit2_mvncall_integrated_v5b.20130502.genotypes.vcf.gz	HG00155	.	15	28365618	A	G	1|1	2
ALL.chr15.phase3_shapeit2_mvncall_integrated_v5b.20130502.genotypes.vcf.gz	HG00157	.	15	28365618	A	G	1|0	1
ALL.chr15.phase3_shapeit2_mvncall_integrated_v5b.20130502.genotypes.vcf.gz	HG00158	.	15	28365618	A	G	0|1	1
ALL.chr15.phase3_shapeit2_mvncall_integrated_v5b.20130502.genotypes.vcf.gz	HG00159	.	15	28365618	A	G	1|1	2
ALL.chr15.phase3_shapeit2_mvncall_integrated_v5b.20130502.genotypes.vcf.gz	HG00160	.	15	28365618	A	G	1|1	2
ALL.chr15.phase3_shapeit2_mvncall_integrated_v5b.20130502.genotypes.vcf.gz	HG00171	.	15	28365618	A	G	0|1	1
ALL.chr15.phase3_shapeit2_mvncall_integrated_v5b.20130502.genotypes.vcf.gz	HG00173	.	15	28365618	A	G	1|1	2
ALL.chr15.phase3_shapeit2_mvncall_integrated_v5b.20130502.genotypes.vcf.gz	HG00174	.	15	28365618	A	G	0|1	1
ALL.chr15.phase3_shapeit2_mvncall_integrated_v5b.20130502.genotypes.vcf.gz	HG00176	.	15	28365618	A	G	0|1	1
ALL.chr15.phase3_shapeit2_mvncall_integrated_v5b.20130502.genotypes.vcf.gz	HG00177	.	15	28365618	A	G	1|1	2
ALL.chr15.phase3_shapeit2_mvncall_integrated_v5b.20130502.genotypes.vcf.gz	HG00178	.	15	28365618	A	G	1|1	2
ALL.chr15.phase3_shapeit2_mvncall_integrated_v5b.20130502.genotypes.vcf.gz	HG00179	.	15	28365618	A	G	1|1	2
ALL.chr15.phase3_shapeit2_mvncall_integrated_v5b.20130502.genotypes.vcf.gz	HG00180	.	15	28365618	A	G	1|1	2
ALL.chr15.phase3_shapeit2_mvncall_integrated_v5b.20130502.genotypes.vcf.gz	HG00181	.	15	28365618	A	G	1|1	2
ALL.chr15.phase3_shapeit2_mvncall_integrated_v5b.20130502.genotypes.vcf.gz	HG00182	.	15	28365618	A	G	1|1	2
ALL.chr15.phase3_shapeit2_mvncall_integrated_v5b.20130502.genotypes.vcf.gz	HG00183	.	15	28365618	A	G	1|1	2
ALL.chr15.phase3_shapeit2_mvncall_integrated_v5b.20130502.genotypes.vcf.gz	HG00185	.	15	28365618	A	G	1|0	1
ALL.chr15.phase3_shapeit2_mvncall_integrated_v5b.20130502.genotypes.vcf.gz	HG00186	.	15	28365618	A	G	1|1	2
ALL.chr15.phase3_shapeit2_mvncall_integrated_v5b.20130502.genotypes.vcf.gz	HG00187	.	15	28365618	A	G	1|1	2
ALL.chr15.phase3_shapeit2_mvncall_integrated_v5b.20130502.genotypes.vcf.gz	HG00188	.	15	28365618	A	G	1|1	2
ALL.chr15.phase3_shapeit2_mvncall_integrated_v5b.20130502.genotypes.vcf.gz	HG00189	.	15	28365618	A	G	1|1	2
ALL.chr15.phase3_shapeit2_mvncall_integrated_v5b.20130502.genotypes.vcf.gz	HG00190	.	15	28365618	A	G	1|1	2
ALL.chr15.phase3_shapeit2_mvncall_integrated_v5b.20130502.genotypes.vcf.gz	HG00231	.	15	28365618	A	G	1|1	2
ALL.chr15.phase3_shapeit2_mvncall_integrated_v5b.20130502.genotypes.vcf.gz	HG00232	.	15	28365618	A	G	0|1	1
ALL.chr15.phase3_shapeit2_mvncall_integrated_v5b.20130502.genotypes.vcf.gz	HG00233	.	15	28365618	A	G	1|1	2
ALL.chr15.phase3_shapeit2_mvncall_integrated_v5b.20130502.genotypes.vcf.gz	HG00234	.	15	28365618	A	G	1|0	1
ALL.chr15.phase3_shapeit2_mvncall_integrated_v5b.20130502.genotypes.vcf.gz	HG00235	.	15	28365618	A	G	0|1	1
ALL.chr15.phase3_shapeit2_mvncall_integrated_v5b.20130502.genotypes.vcf.gz	HG00236	.	15	28365618	A	G	1|1	2
ALL.chr15.phase3_shapeit2_mvncall_integrated_v5b.20130502.genotypes.vcf.gz	HG00237	.	15	28365618	A	G	1|1	2
ALL.chr15.phase3_shapeit2_mvncall_integrated_v5b.20130502.genotypes.vcf.gz	HG00238	.	15	28365618	A	G	1|1	2
ALL.chr15.phase3_shapeit2_mvncall_integrated_v5b.20130502.genotypes.vcf.gz	HG00239	.	15	28365618	A	G	1|1	2
ALL.chr15.phase3_shapeit2_mvncall_integrated_v5b.20130502.genotypes.vcf.gz	HG00242	.	15	28365618	A	G	1|1	2
ALL.chr15.phase3_shapeit2_mvncall_integrated_v5b.20130502.genotypes.vcf.gz	HG00243	.	15	28365618	A	G	1|1	2
ALL.chr15.phase3_shapeit2_mvncall_integrated_v5b.20130502.genotypes.vcf.gz	HG00244	.	15	28365618	A	G	1|1	2
ALL.chr15.phase3_shapeit2_mvncall_integrated_v5b.20130502.genotypes.vcf.gz	HG00245	.	15	28365618	A	G	1|1	2
ALL.chr15.phase3_shapeit2_mvncall_integrated_v5b.20130502.genotypes.vcf.gz	HG00246	.	15	28365618	A	G	1|1	2
ALL.chr15.phase3_shapeit2_mvncall_integrated_v5b.20130502.genotypes.vcf.gz	HG00250	.	15	28365618	A	G	0|1	1
ALL.chr15.phase3_shapeit2_mvncall_integrated_v5b.20130502.genotypes.vcf.gz	HG00251	.	15	28365618	A	G	1|1	2
ALL.chr15.phase3_shapeit2_mvncall_integrated_v5b.20130502.genotypes.vcf.gz	HG00252	.	15	28365618	A	G	0|1	1
ALL.chr15.phase3_shapeit2_mvncall_integrated_v5b.20130502.genotypes.vcf.gz	HG00253	.	15	28365618	A	G	1|0	1
ALL.chr15.phase3_shapeit2_mvncall_integrated_v5b.20130502.genotypes.vcf.gz	HG00254	.	15	28365618	A	G	0|1	1
ALL.chr15.phase3_shapeit2_mvncall_integrated_v5b.20130502.genotypes.vcf.gz	HG00255	.	15	28365618	A	G	1|1	2
ALL.chr15.phase3_shapeit2_mvncall_integrated_v5b.20130502.genotypes.vcf.gz	HG00256	.	15	28365618	A	G	1|0	1
ALL.chr15.phase3_shapeit2_mvncall_integrated_v5b.20130502.genotypes.vcf.gz	HG00257	.	15	28365618	A	G	1|1	2
ALL.chr15.phase3_shapeit2_mvncall_integrated_v5b.20130502.genotypes.vcf.gz	HG00258	.	15	28365618	A	G	1|1	2
ALL.chr15.phase3_shapeit2_mvncall_integrated_v5b.20130502.genotypes.vcf.gz	HG00259	.	15	28365618	A	G	0|1	1
ALL.chr15.phase3_shapeit2_mvncall_integrated_v5b.20130502.genotypes.vcf.gz	HG00260	.	15	28365618	A	G	0|1	1
ALL.chr15.phase3_shapeit2_mvncall_integrated_v5b.20130502.genotypes.vcf.gz	HG00262	.	15	28365618	A	G	1|1	2
ALL.chr15.phase3_shapeit2_mvncall_integrated_v5b.20130502.genotypes.vcf.gz	HG00263	.	15	28365618	A	G	1|1	2
ALL.chr15.phase3_shapeit2_mvncall_integrated_v5b.20130502.genotypes.vcf.gz	HG00264	.	15	28365618	A	G	1|1	2
ALL.chr15.phase3_shapeit2_mvncall_integrated_v5b.20130502.genotypes.vcf.gz	HG00265	.	15	28365618	A	G	1|0	1
ALL.chr15.phase3_shapeit2_mvncall_integrated_v5b.20130502.genotypes.vcf.gz	HG00266	.	15	28365618	A	G	0|1	1
ALL.chr15.phase3_shapeit2_mvncall_integrated_v5b.20130502.genotypes.vcf.gz	HG00267	.	15	28365618	A	G	1|0	1
ALL.chr15.phase3_shapeit2_mvncall_integrated_v5b.20130502.genotypes.vcf.gz	HG00268	.	15	28365618	A	G	1|1	2
ALL.chr15.phase3_shapeit2_mvncall_integrated_v5b.20130502.genotypes.vcf.gz	HG00269	.	15	28365618	A	G	1|1	2
ALL.chr15.phase3_shapeit2_mvncall_integrated_v5b.20130502.genotypes.vcf.gz	HG00271	.	15	28365618	A	G	1|1	2
ALL.chr15.phase3_shapeit2_mvncall_integrated_v5b.20130502.genotypes.vcf.gz	HG00272	.	15	28365618	A	G	1|1	2
ALL.chr15.phase3_shapeit2_mvncall_integrated_v5b.20130502.genotypes.vcf.gz	HG00273	.	15	28365618	A	G	1|1	2
ALL.chr15.phase3_shapeit2_mvncall_integrated_v5b.20130502.genotypes.vcf.gz	HG00274	.	15	28365618	A	G	1|1	2
ALL.chr15.phase3_shapeit2_mvncall_integrated_v5b.20130502.genotypes.vcf.gz	HG00275	.	15	28365618	A	G	1|1	2
ALL.chr15.phase3_shapeit2_mvncall_integrated_v5b.20130502.genotypes.vcf.gz	HG00276	.	15	28365618	A	G	1|1	2
ALL.chr15.phase3_shapeit2_mvncall_integrated_v5b.20130502.genotypes.vcf.gz	HG00277	.	15	28365618	A	G	1|1	2
ALL.chr15.phase3_shapeit2_mvncall_integrated_v5b.20130502.genotypes.vcf.gz	HG00278	.	15	28365618	A	G	1|1	2
ALL.chr15.phase3_shapeit2_mvncall_integrated_v5b.20130502.genotypes.vcf.gz	HG00280	.	15	28365618	A	G	1|1	2
ALL.chr15.phase3_shapeit2_mvncall_integrated_v5b.20130502.genotypes.vcf.gz	HG00281	.	15	28365618	A	G	1|1	2
ALL.chr15.phase3_shapeit2_mvncall_integrated_v5b.20130502.genotypes.vcf.gz	HG00282	.	15	28365618	A	G	1|1	2
ALL.chr15.phase3_shapeit2_mvncall_integrated_v5b.20130502.genotypes.vcf.gz	HG00284	.	15	28365618	A	G	0|1	1
ALL.chr15.phase3_shapeit2_mvncall_integrated_v5b.20130502.genotypes.vcf.gz	HG00285	.	15	28365618	A	G	1|1	2
ALL.chr15.phase3_shapeit2_mvncall_integrated_v5b.20130502.genotypes.vcf.gz	HG00288	.	15	28365618	A	G	1|1	2
ALL.chr15.phase3_shapeit2_mvncall_integrated_v5b.20130502.genotypes.vcf.gz	HG00290	.	15	28365618	A	G	1|1	2
ALL.chr15.phase3_shapeit2_mvncall_integrated_v5b.20130502.genotypes.vcf.gz	HG00304	.	15	28365618	A	G	1|1	2
ALL.chr15.phase3_shapeit2_mvncall_integrated_v5b.20130502.genotypes.vcf.gz	HG00306	.	15	28365618	A	G	1|1	2
ALL.chr15.phase3_shapeit2_mvncall_integrated_v5b.20130502.genotypes.vcf.gz	HG00308	.	15	28365618	A	G	1|1	2
ALL.chr15.phase3_shapeit2_mvncall_integrated_v5b.20130502.genotypes.vcf.gz	HG00309	.	15	28365618	A	G	1|1	2
ALL.chr15.phase3_shapeit2_mvncall_integrated_v5b.20130502.genotypes.vcf.gz	HG00310	.	15	28365618	A	G	1|1	2
ALL.chr15.phase3_shapeit2_mvncall_integrated_v5b.20130502.genotypes.vcf.gz	HG00311	.	15	28365618	A	G	1|1	2
ALL.chr15.phase3_shapeit2_mvncall_integrated_v5b.20130502.genotypes.vcf.gz	HG00313	.	15	28365618	A	G	1|1	2
ALL.chr15.phase3_shapeit2_mvncall_integrated_v5b.20130502.genotypes.vcf.gz	HG00315	.	15	28365618	A	G	1|1	2
ALL.chr15.phase3_shapeit2_mvncall_integrated_v5b.20130502.genotypes.vcf.gz	HG00318	.	15	28365618	A	G	1|1	2
ALL.chr15.phase3_shapeit2_mvncall_integrated_v5b.20130502.genotypes.vcf.gz	HG00319	.	15	28365618	A	G	1|1	2
ALL.chr15.phase3_shapeit2_mvncall_integrated_v5b.20130502.genotypes.vcf.gz	HG00320	.	15	28365618	A	G	1|1	2
ALL.chr15.phase3_shapeit2_mvncall_integrated_v5b.20130502.genotypes.vcf.gz	HG00321	.	15	28365618	A	G	1|1	2
ALL.chr15.phase3_shapeit2_mvncall_integrated_v5b.20130502.genotypes.vcf.gz	HG00323	.	15	28365618	A	G	1|1	2
ALL.chr15.phase3_shapeit2_mvncall_integrated_v5b.20130502.genotypes.vcf.gz	HG00324	.	15	28365618	A	G	0|1	1
ALL.chr15.phase3_shapeit2_mvncall_integrated_v5b.20130502.genotypes.vcf.gz	HG00325	.	15	28365618	A	G	0|1	1
ALL.chr15.phase3_shapeit2_mvncall_integrated_v5b.20130502.genotypes.vcf.gz	HG00326	.	15	28365618	A	G	0|1	1
ALL.chr15.phase3_shapeit2_mvncall_integrated_v5b.20130502.genotypes.vcf.gz	HG00327	.	15	28365618	A	G	1|1	2
ALL.chr15.phase3_shapeit2_mvncall_integrated_v5b.20130502.genotypes.vcf.gz	HG00328	.	15	28365618	A	G	1|0	1
ALL.chr15.phase3_shapeit2_mvncall_integrated_v5b.20130502.genotypes.vcf.gz	HG00329	.	15	28365618	A	G	1|1	2
ALL.chr15.phase3_shapeit2_mvncall_integrated_v5b.20130502.genotypes.vcf.gz	HG00330	.	15	28365618	A	G	1|1	2
ALL.chr15.phase3_shapeit2_mvncall_integrated_v5b.20130502.genotypes.vcf.gz	HG00331	.	15	28365618	A	G	1|1	2
ALL.chr15.phase3_shapeit2_mvncall_integrated_v5b.20130502.genotypes.vcf.gz	HG00332	.	15	28365618	A	G	1|1	2
ALL.chr15.phase3_shapeit2_mvncall_integrated_v5b.20130502.genotypes.vcf.gz	HG00334	.	15	28365618	A	G	1|1	2
ALL.chr15.phase3_shapeit2_mvncall_integrated_v5b.20130502.genotypes.vcf.gz	HG00335	.	15	28365618	A	G	0|1	1
ALL.chr15.phase3_shapeit2_mvncall_integrated_v5b.20130502.genotypes.vcf.gz	HG00336	.	15	28365618	A	G	1|1	2
ALL.chr15.phase3_shapeit2_mvncall_integrated_v5b.20130502.genotypes.vcf.gz	HG00337	.	15	28365618	A	G	1|1	2
ALL.chr15.phase3_shapeit2_mvncall_integrated_v5b.20130502.genotypes.vcf.gz	HG00338	.	15	28365618	A	G	1|1	2
ALL.chr15.phase3_shapeit2_mvncall_integrated_v5b.20130502.genotypes.vcf.gz	HG00339	.	15	28365618	A	G	0|1	1
ALL.chr15.phase3_shapeit2_mvncall_integrated_v5b.20130502.genotypes.vcf.gz	HG00341	.	15	28365618	A	G	1|1	2
ALL.chr15.phase3_shapeit2_mvncall_integrated_v5b.20130502.genotypes.vcf.gz	HG00342	.	15	28365618	A	G	1|1	2
ALL.chr15.phase3_shapeit2_mvncall_integrated_v5b.20130502.genotypes.vcf.gz	HG00343	.	15	28365618	A	G	1|1	2
ALL.chr15.phase3_shapeit2_mvncall_integrated_v5b.20130502.genotypes.vcf.gz	HG00344	.	15	28365618	A	G	1|1	2
ALL.chr15.phase3_shapeit2_mvncall_integrated_v5b.20130502.genotypes.vcf.gz	HG00345	.	15	28365618	A	G	1|1	2
ALL.chr15.phase3_shapeit2_mvncall_integrated_v5b.20130502.genotypes.vcf.gz	HG00346	.	15	28365618	A	G	1|1	2
ALL.chr15.phase3_shapeit2_mvncall_integrated_v5b.20130502.genotypes.vcf.gz	HG00349	.	15	28365618	A	G	1|1	2
ALL.chr15.phase3_shapeit2_mvncall_integrated_v5b.20130502.genotypes.vcf.gz	HG00350	.	15	28365618	A	G	1|1	2
ALL.chr15.phase3_shapeit2_mvncall_integrated_v5b.20130502.genotypes.vcf.gz	HG00351	.	15	28365618	A	G	1|1	2
ALL.chr15.phase3_shapeit2_mvncall_integrated_v5b.20130502.genotypes.vcf.gz	HG00353	.	15	28365618	A	G	1|1	2
ALL.chr15.phase3_shapeit2_mvncall_integrated_v5b.20130502.genotypes.vcf.gz	HG00355	.	15	28365618	A	G	1|1	2
ALL.chr15.phase3_shapeit2_mvncall_integrated_v5b.20130502.genotypes.vcf.gz	HG00356	.	15	28365618	A	G	1|1	2
ALL.chr15.phase3_shapeit2_mvncall_integrated_v5b.20130502.genotypes.vcf.gz	HG00357	.	15	28365618	A	G	1|1	2
ALL.chr15.phase3_shapeit2_mvncall_integrated_v5b.20130502.genotypes.vcf.gz	HG00358	.	15	28365618	A	G	1|1	2
ALL.chr15.phase3_shapeit2_mvncall_integrated_v5b.20130502.genotypes.vcf.gz	HG00360	.	15	28365618	A	G	1|0	1
ALL.chr15.phase3_shapeit2_mvncall_integrated_v5b.20130502.genotypes.vcf.gz	HG00361	.	15	28365618	A	G	0|1	1
ALL.chr15.phase3_shapeit2_mvncall_integrated_v5b.20130502.genotypes.vcf.gz	HG00362	.	15	28365618	A	G	1|1	2
ALL.chr15.phase3_shapeit2_mvncall_integrated_v5b.20130502.genotypes.vcf.gz	HG00364	.	15	28365618	A	G	1|1	2
ALL.chr15.phase3_shapeit2_mvncall_integrated_v5b.20130502.genotypes.vcf.gz	HG00365	.	15	28365618	A	G	1|1	2
ALL.chr15.phase3_shapeit2_mvncall_integrated_v5b.20130502.genotypes.vcf.gz	HG00366	.	15	28365618	A	G	0|1	1
ALL.chr15.phase3_shapeit2_mvncall_integrated_v5b.20130502.genotypes.vcf.gz	HG00367	.	15	28365618	A	G	1|1	2
ALL.chr15.phase3_shapeit2_mvncall_integrated_v5b.20130502.genotypes.vcf.gz	HG00368	.	15	28365618	A	G	1|1	2
ALL.chr15.phase3_shapeit2_mvncall_integrated_v5b.20130502.genotypes.vcf.gz	HG00369	.	15	28365618	A	G	1|1	2
ALL.chr15.phase3_shapeit2_mvncall_integrated_v5b.20130502.genotypes.vcf.gz	HG00371	.	15	28365618	A	G	1|0	1
ALL.chr15.phase3_shapeit2_mvncall_integrated_v5b.20130502.genotypes.vcf.gz	HG00372	.	15	28365618	A	G	1|1	2
ALL.chr15.phase3_shapeit2_mvncall_integrated_v5b.20130502.genotypes.vcf.gz	HG00373	.	15	28365618	A	G	1|1	2
ALL.chr15.phase3_shapeit2_mvncall_integrated_v5b.20130502.genotypes.vcf.gz	HG00375	.	15	28365618	A	G	1|1	2
ALL.chr15.phase3_shapeit2_mvncall_integrated_v5b.20130502.genotypes.vcf.gz	HG00376	.	15	28365618	A	G	0|1	1
ALL.chr15.phase3_shapeit2_mvncall_integrated_v5b.20130502.genotypes.vcf.gz	HG00378	.	15	28365618	A	G	1|1	2
ALL.chr15.phase3_shapeit2_mvncall_integrated_v5b.20130502.genotypes.vcf.gz	HG00379	.	15	28365618	A	G	1|1	2
ALL.chr15.phase3_shapeit2_mvncall_integrated_v5b.20130502.genotypes.vcf.gz	HG00380	.	15	28365618	A	G	1|1	2
ALL.chr15.phase3_shapeit2_mvncall_integrated_v5b.20130502.genotypes.vcf.gz	HG00381	.	15	28365618	A	G	1|1	2
ALL.chr15.phase3_shapeit2_mvncall_integrated_v5b.20130502.genotypes.vcf.gz	HG00382	.	15	28365618	A	G	1|1	2
ALL.chr15.phase3_shapeit2_mvncall_integrated_v5b.20130502.genotypes.vcf.gz	HG00383	.	15	28365618	A	G	1|1	2
ALL.chr15.phase3_shapeit2_mvncall_integrated_v5b.20130502.genotypes.vcf.gz	HG00384	.	15	28365618	A	G	1|1	2
ALL.chr15.phase3_shapeit2_mvncall_integrated_v5b.20130502.genotypes.vcf.gz	HG00580	.	15	28365618	A	G	0|1	1
ALL.chr15.phase3_shapeit2_mvncall_integrated_v5b.20130502.genotypes.vcf.gz	HG00592	.	15	28365618	A	G	0|1	1
ALL.chr15.phase3_shapeit2_mvncall_integrated_v5b.20130502.genotypes.vcf.gz	HG00638	.	15	28365618	A	G	1|1	2
ALL.chr15.phase3_shapeit2_mvncall_integrated_v5b.20130502.genotypes.vcf.gz	HG00731	.	15	28365618	A	G	0|1	1
ALL.chr15.phase3_shapeit2_mvncall_integrated_v5b.20130502.genotypes.vcf.gz	HG00734	.	15	28365618	A	G	0|1	1
ALL.chr15.phase3_shapeit2_mvncall_integrated_v5b.20130502.genotypes.vcf.gz	HG00739	.	15	28365618	A	G	1|0	1
ALL.chr15.phase3_shapeit2_mvncall_integrated_v5b.20130502.genotypes.vcf.gz	HG00740	.	15	28365618	A	G	0|1	1
ALL.chr15.phase3_shapeit2_mvncall_integrated_v5b.20130502.genotypes.vcf.gz	HG00742	.	15	28365618	A	G	0|1	1
ALL.chr15.phase3_shapeit2_mvncall_integrated_v5b.20130502.genotypes.vcf.gz	HG01047	.	15	28365618	A	G	1|0	1
ALL.chr15.phase3_shapeit2_mvncall_integrated_v5b.20130502.genotypes.vcf.gz	HG01049	.	15	28365618	A	G	0|1	1
ALL.chr15.phase3_shapeit2_mvncall_integrated_v5b.20130502.genotypes.vcf.gz	HG01054	.	15	28365618	A	G	1|0	1
ALL.chr15.phase3_shapeit2_mvncall_integrated_v5b.20130502.genotypes.vcf.gz	HG01058	.	15	28365618	A	G	1|1	2
ALL.chr15.phase3_shapeit2_mvncall_integrated_v5b.20130502.genotypes.vcf.gz	HG01070	.	15	28365618	A	G	0|1	1
ALL.chr15.phase3_shapeit2_mvncall_integrated_v5b.20130502.genotypes.vcf.gz	HG01073	.	15	28365618	A	G	1|1	2
ALL.chr15.phase3_shapeit2_mvncall_integrated_v5b.20130502.genotypes.vcf.gz	HG01077	.	15	28365618	A	G	1|0	1
ALL.chr15.phase3_shapeit2_mvncall_integrated_v5b.20130502.genotypes.vcf.gz	HG01080	.	15	28365618	A	G	1|0	1
ALL.chr15.phase3_shapeit2_mvncall_integrated_v5b.20130502.genotypes.vcf.gz	HG01085	.	15	28365618	A	G	0|1	1
ALL.chr15.phase3_shapeit2_mvncall_integrated_v5b.20130502.genotypes.vcf.gz	HG01086	.	15	28365618	A	G	1|1	2
ALL.chr15.phase3_shapeit2_mvncall_integrated_v5b.20130502.genotypes.vcf.gz	HG01088	.	15	28365618	A	G	1|1	2
ALL.chr15.phase3_shapeit2_mvncall_integrated_v5b.20130502.genotypes.vcf.gz	HG01092	.	15	28365618	A	G	1|0	1
ALL.chr15.phase3_shapeit2_mvncall_integrated_v5b.20130502.genotypes.vcf.gz	HG01095	.	15	28365618	A	G	0|1	1
ALL.chr15.phase3_shapeit2_mvncall_integrated_v5b.20130502.genotypes.vcf.gz	HG01098	.	15	28365618	A	G	0|1	1
ALL.chr15.phase3_shapeit2_mvncall_integrated_v5b.20130502.genotypes.vcf.gz	HG01102	.	15	28365618	A	G	1|0	1
ALL.chr15.phase3_shapeit2_mvncall_integrated_v5b.20130502.genotypes.vcf.gz	HG01105	.	15	28365618	A	G	1|1	2
ALL.chr15.phase3_shapeit2_mvncall_integrated_v5b.20130502.genotypes.vcf.gz	HG01107	.	15	28365618	A	G	0|1	1
ALL.chr15.phase3_shapeit2_mvncall_integrated_v5b.20130502.genotypes.vcf.gz	HG01110	.	15	28365618	A	G	0|1	1
ALL.chr15.phase3_shapeit2_mvncall_integrated_v5b.20130502.genotypes.vcf.gz	HG01119	.	15	28365618	A	G	1|0	1
ALL.chr15.phase3_shapeit2_mvncall_integrated_v5b.20130502.genotypes.vcf.gz	HG01122	.	15	28365618	A	G	1|0	1
ALL.chr15.phase3_shapeit2_mvncall_integrated_v5b.20130502.genotypes.vcf.gz	HG01124	.	15	28365618	A	G	1|0	1
ALL.chr15.phase3_shapeit2_mvncall_integrated_v5b.20130502.genotypes.vcf.gz	HG01133	.	15	28365618	A	G	0|1	1
ALL.chr15.phase3_shapeit2_mvncall_integrated_v5b.20130502.genotypes.vcf.gz	HG01136	.	15	28365618	A	G	0|1	1
ALL.chr15.phase3_shapeit2_mvncall_integrated_v5b.20130502.genotypes.vcf.gz	HG01137	.	15	28365618	A	G	1|1	2
ALL.chr15.phase3_shapeit2_mvncall_integrated_v5b.20130502.genotypes.vcf.gz	HG01140	.	15	28365618	A	G	1|0	1
ALL.chr15.phase3_shapeit2_mvncall_integrated_v5b.20130502.genotypes.vcf.gz	HG01149	.	15	28365618	A	G	0|1	1
ALL.chr15.phase3_shapeit2_mvncall_integrated_v5b.20130502.genotypes.vcf.gz	HG01161	.	15	28365618	A	G	1|0	1
ALL.chr15.phase3_shapeit2_mvncall_integrated_v5b.20130502.genotypes.vcf.gz	HG01168	.	15	28365618	A	G	0|1	1
ALL.chr15.phase3_shapeit2_mvncall_integrated_v5b.20130502.genotypes.vcf.gz	HG01170	.	15	28365618	A	G	1|0	1
ALL.chr15.phase3_shapeit2_mvncall_integrated_v5b.20130502.genotypes.vcf.gz	HG01177	.	15	28365618	A	G	1|0	1
ALL.chr15.phase3_shapeit2_mvncall_integrated_v5b.20130502.genotypes.vcf.gz	HG01183	.	15	28365618	A	G	0|1	1
ALL.chr15.phase3_shapeit2_mvncall_integrated_v5b.20130502.genotypes.vcf.gz	HG01190	.	15	28365618	A	G	0|1	1
ALL.chr15.phase3_shapeit2_mvncall_integrated_v5b.20130502.genotypes.vcf.gz	HG01191	.	15	28365618	A	G	1|0	1
ALL.chr15.phase3_shapeit2_mvncall_integrated_v5b.20130502.genotypes.vcf.gz	HG01200	.	15	28365618	A	G	1|0	1
ALL.chr15.phase3_shapeit2_mvncall_integrated_v5b.20130502.genotypes.vcf.gz	HG01242	.	15	28365618	A	G	1|0	1
ALL.chr15.phase3_shapeit2_mvncall_integrated_v5b.20130502.genotypes.vcf.gz	HG01256	.	15	28365618	A	G	1|0	1
ALL.chr15.phase3_shapeit2_mvncall_integrated_v5b.20130502.genotypes.vcf.gz	HG01257	.	15	28365618	A	G	1|0	1
ALL.chr15.phase3_shapeit2_mvncall_integrated_v5b.20130502.genotypes.vcf.gz	HG01269	.	15	28365618	A	G	0|1	1
ALL.chr15.phase3_shapeit2_mvncall_integrated_v5b.20130502.genotypes.vcf.gz	HG01272	.	15	28365618	A	G	0|1	1
ALL.chr15.phase3_shapeit2_mvncall_integrated_v5b.20130502.genotypes.vcf.gz	HG01277	.	15	28365618	A	G	0|1	1
ALL.chr15.phase3_shapeit2_mvncall_integrated_v5b.20130502.genotypes.vcf.gz	HG01284	.	15	28365618	A	G	1|1	2
ALL.chr15.phase3_shapeit2_mvncall_integrated_v5b.20130502.genotypes.vcf.gz	HG01286	.	15	28365618	A	G	1|1	2
ALL.chr15.phase3_shapeit2_mvncall_integrated_v5b.20130502.genotypes.vcf.gz	HG01303	.	15	28365618	A	G	1|1	2
ALL.chr15.phase3_shapeit2_mvncall_integrated_v5b.20130502.genotypes.vcf.gz	HG01312	.	15	28365618	A	G	1|0	1
ALL.chr15.phase3_shapeit2_mvncall_integrated_v5b.20130502.genotypes.vcf.gz	HG01334	.	15	28365618	A	G	1|1	2
ALL.chr15.phase3_shapeit2_mvncall_integrated_v5b.20130502.genotypes.vcf.gz	HG01342	.	15	28365618	A	G	1|0	1
ALL.chr15.phase3_shapeit2_mvncall_integrated_v5b.20130502.genotypes.vcf.gz	HG01344	.	15	28365618	A	G	1|1	2
ALL.chr15.phase3_shapeit2_mvncall_integrated_v5b.20130502.genotypes.vcf.gz	HG01345	.	15	28365618	A	G	1|0	1
ALL.chr15.phase3_shapeit2_mvncall_integrated_v5b.20130502.genotypes.vcf.gz	HG01348	.	15	28365618	A	G	1|0	1
ALL.chr15.phase3_shapeit2_mvncall_integrated_v5b.20130502.genotypes.vcf.gz	HG01351	.	15	28365618	A	G	1|0	1
ALL.chr15.phase3_shapeit2_mvncall_integrated_v5b.20130502.genotypes.vcf.gz	HG01357	.	15	28365618	A	G	0|1	1
ALL.chr15.phase3_shapeit2_mvncall_integrated_v5b.20130502.genotypes.vcf.gz	HG01359	.	15	28365618	A	G	0|1	1
ALL.chr15.phase3_shapeit2_mvncall_integrated_v5b.20130502.genotypes.vcf.gz	HG01360	.	15	28365618	A	G	0|1	1
ALL.chr15.phase3_shapeit2_mvncall_integrated_v5b.20130502.genotypes.vcf.gz	HG01363	.	15	28365618	A	G	1|0	1
ALL.chr15.phase3_shapeit2_mvncall_integrated_v5b.20130502.genotypes.vcf.gz	HG01365	.	15	28365618	A	G	1|1	2
ALL.chr15.phase3_shapeit2_mvncall_integrated_v5b.20130502.genotypes.vcf.gz	HG01372	.	15	28365618	A	G	1|0	1
ALL.chr15.phase3_shapeit2_mvncall_integrated_v5b.20130502.genotypes.vcf.gz	HG01375	.	15	28365618	A	G	1|0	1
ALL.chr15.phase3_shapeit2_mvncall_integrated_v5b.20130502.genotypes.vcf.gz	HG01377	.	15	28365618	A	G	1|0	1
ALL.chr15.phase3_shapeit2_mvncall_integrated_v5b.20130502.genotypes.vcf.gz	HG01383	.	15	28365618	A	G	0|1	1
ALL.chr15.phase3_shapeit2_mvncall_integrated_v5b.20130502.genotypes.vcf.gz	HG01384	.	15	28365618	A	G	1|0	1
ALL.chr15.phase3_shapeit2_mvncall_integrated_v5b.20130502.genotypes.vcf.gz	HG01390	.	15	28365618	A	G	1|0	1
ALL.chr15.phase3_shapeit2_mvncall_integrated_v5b.20130502.genotypes.vcf.gz	HG01395	.	15	28365618	A	G	1|0	1
ALL.chr15.phase3_shapeit2_mvncall_integrated_v5b.20130502.genotypes.vcf.gz	HG01396	.	15	28365618	A	G	0|1	1
ALL.chr15.phase3_shapeit2_mvncall_integrated_v5b.20130502.genotypes.vcf.gz	HG01402	.	15	28365618	A	G	1|0	1
ALL.chr15.phase3_shapeit2_mvncall_integrated_v5b.20130502.genotypes.vcf.gz	HG01413	.	15	28365618	A	G	0|1	1
ALL.chr15.phase3_shapeit2_mvncall_integrated_v5b.20130502.genotypes.vcf.gz	HG01432	.	15	28365618	A	G	0|1	1
ALL.chr15.phase3_shapeit2_mvncall_integrated_v5b.20130502.genotypes.vcf.gz	HG01437	.	15	28365618	A	G	1|1	2
ALL.chr15.phase3_shapeit2_mvncall_integrated_v5b.20130502.genotypes.vcf.gz	HG01438	.	15	28365618	A	G	0|1	1
ALL.chr15.phase3_shapeit2_mvncall_integrated_v5b.20130502.genotypes.vcf.gz	HG01444	.	15	28365618	A	G	1|0	1
ALL.chr15.phase3_shapeit2_mvncall_integrated_v5b.20130502.genotypes.vcf.gz	HG01456	.	15	28365618	A	G	1|0	1
ALL.chr15.phase3_shapeit2_mvncall_integrated_v5b.20130502.genotypes.vcf.gz	HG01468	.	15	28365618	A	G	1|1	2
ALL.chr15.phase3_shapeit2_mvncall_integrated_v5b.20130502.genotypes.vcf.gz	HG01474	.	15	28365618	A	G	1|0	1
ALL.chr15.phase3_shapeit2_mvncall_integrated_v5b.20130502.genotypes.vcf.gz	HG01485	.	15	28365618	A	G	1|0	1
ALL.chr15.phase3_shapeit2_mvncall_integrated_v5b.20130502.genotypes.vcf.gz	HG01486	.	15	28365618	A	G	1|0	1
ALL.chr15.phase3_shapeit2_mvncall_integrated_v5b.20130502.genotypes.vcf.gz	HG01491	.	15	28365618	A	G	1|0	1
ALL.chr15.phase3_shapeit2_mvncall_integrated_v5b.20130502.genotypes.vcf.gz	HG01492	.	15	28365618	A	G	0|1	1
ALL.chr15.phase3_shapeit2_mvncall_integrated_v5b.20130502.genotypes.vcf.gz	HG01497	.	15	28365618	A	G	1|0	1
ALL.chr15.phase3_shapeit2_mvncall_integrated_v5b.20130502.genotypes.vcf.gz	HG01501	.	15	28365618	A	G	1|0	1
ALL.chr15.phase3_shapeit2_mvncall_integrated_v5b.20130502.genotypes.vcf.gz	HG01503	.	15	28365618	A	G	0|1	1
ALL.chr15.phase3_shapeit2_mvncall_integrated_v5b.20130502.genotypes.vcf.gz	HG01504	.	15	28365618	A	G	1|1	2
ALL.chr15.phase3_shapeit2_mvncall_integrated_v5b.20130502.genotypes.vcf.gz	HG01510	.	15	28365618	A	G	0|1	1
ALL.chr15.phase3_shapeit2_mvncall_integrated_v5b.20130502.genotypes.vcf.gz	HG01513	.	15	28365618	A	G	0|1	1
ALL.chr15.phase3_shapeit2_mvncall_integrated_v5b.20130502.genotypes.vcf.gz	HG01518	.	15	28365618	A	G	0|1	1
ALL.chr15.phase3_shapeit2_mvncall_integrated_v5b.20130502.genotypes.vcf.gz	HG01519	.	15	28365618	A	G	0|1	1
ALL.chr15.phase3_shapeit2_mvncall_integrated_v5b.20130502.genotypes.vcf.gz	HG01522	.	15	28365618	A	G	1|1	2
ALL.chr15.phase3_shapeit2_mvncall_integrated_v5b.20130502.genotypes.vcf.gz	HG01528	.	15	28365618	A	G	0|1	1
ALL.chr15.phase3_shapeit2_mvncall_integrated_v5b.20130502.genotypes.vcf.gz	HG01530	.	15	28365618	A	G	0|1	1
ALL.chr15.phase3_shapeit2_mvncall_integrated_v5b.20130502.genotypes.vcf.gz	HG01536	.	15	28365618	A	G	0|1	1
ALL.chr15.phase3_shapeit2_mvncall_integrated_v5b.20130502.genotypes.vcf.gz	HG01550	.	15	28365618	A	G	1|0	1
ALL.chr15.phase3_shapeit2_mvncall_integrated_v5b.20130502.genotypes.vcf.gz	HG01551	.	15	28365618	A	G	0|1	1
ALL.chr15.phase3_shapeit2_mvncall_integrated_v5b.20130502.genotypes.vcf.gz	HG01565	.	15	28365618	A	G	0|1	1
ALL.chr15.phase3_shapeit2_mvncall_integrated_v5b.20130502.genotypes.vcf.gz	HG01571	.	15	28365618	A	G	0|1	1
ALL.chr15.phase3_shapeit2_mvncall_integrated_v5b.20130502.genotypes.vcf.gz	HG01577	.	15	28365618	A	G	1|0	1
ALL.chr15.phase3_shapeit2_mvncall_integrated_v5b.20130502.genotypes.vcf.gz	HG01578	.	15	28365618	A	G	1|0	1
ALL.chr15.phase3_shapeit2_mvncall_integrated_v5b.20130502.genotypes.vcf.gz	HG01602	.	15	28365618	A	G	1|1	2
ALL.chr15.phase3_shapeit2_mvncall_integrated_v5b.20130502.genotypes.vcf.gz	HG01603	.	15	28365618	A	G	1|0	1
ALL.chr15.phase3_shapeit2_mvncall_integrated_v5b.20130502.genotypes.vcf.gz	HG01605	.	15	28365618	A	G	1|0	1
ALL.chr15.phase3_shapeit2_mvncall_integrated_v5b.20130502.genotypes.vcf.gz	HG01606	.	15	28365618	A	G	0|1	1
ALL.chr15.phase3_shapeit2_mvncall_integrated_v5b.20130502.genotypes.vcf.gz	HG01607	.	15	28365618	A	G	0|1	1
ALL.chr15.phase3_shapeit2_mvncall_integrated_v5b.20130502.genotypes.vcf.gz	HG01613	.	15	28365618	A	G	1|0	1
ALL.chr15.phase3_shapeit2_mvncall_integrated_v5b.20130502.genotypes.vcf.gz	HG01615	.	15	28365618	A	G	1|0	1
ALL.chr15.phase3_shapeit2_mvncall_integrated_v5b.20130502.genotypes.vcf.gz	HG01618	.	15	28365618	A	G	0|1	1
ALL.chr15.phase3_shapeit2_mvncall_integrated_v5b.20130502.genotypes.vcf.gz	HG01619	.	15	28365618	A	G	1|0	1
ALL.chr15.phase3_shapeit2_mvncall_integrated_v5b.20130502.genotypes.vcf.gz	HG01620	.	15	28365618	A	G	1|0	1
ALL.chr15.phase3_shapeit2_mvncall_integrated_v5b.20130502.genotypes.vcf.gz	HG01625	.	15	28365618	A	G	0|1	1
ALL.chr15.phase3_shapeit2_mvncall_integrated_v5b.20130502.genotypes.vcf.gz	HG01626	.	15	28365618	A	G	1|0	1
ALL.chr15.phase3_shapeit2_mvncall_integrated_v5b.20130502.genotypes.vcf.gz	HG01631	.	15	28365618	A	G	1|1	2
ALL.chr15.phase3_shapeit2_mvncall_integrated_v5b.20130502.genotypes.vcf.gz	HG01632	.	15	28365618	A	G	1|0	1
ALL.chr15.phase3_shapeit2_mvncall_integrated_v5b.20130502.genotypes.vcf.gz	HG01668	.	15	28365618	A	G	0|1	1
ALL.chr15.phase3_shapeit2_mvncall_integrated_v5b.20130502.genotypes.vcf.gz	HG01672	.	15	28365618	A	G	1|0	1
ALL.chr15.phase3_shapeit2_mvncall_integrated_v5b.20130502.genotypes.vcf.gz	HG01673	.	15	28365618	A	G	1|0	1
ALL.chr15.phase3_shapeit2_mvncall_integrated_v5b.20130502.genotypes.vcf.gz	HG01684	.	15	28365618	A	G	1|0	1
ALL.chr15.phase3_shapeit2_mvncall_integrated_v5b.20130502.genotypes.vcf.gz	HG01685	.	15	28365618	A	G	0|1	1
ALL.chr15.phase3_shapeit2_mvncall_integrated_v5b.20130502.genotypes.vcf.gz	HG01686	.	15	28365618	A	G	1|0	1
ALL.chr15.phase3_shapeit2_mvncall_integrated_v5b.20130502.genotypes.vcf.gz	HG01694	.	15	28365618	A	G	1|0	1
ALL.chr15.phase3_shapeit2_mvncall_integrated_v5b.20130502.genotypes.vcf.gz	HG01695	.	15	28365618	A	G	0|1	1
ALL.chr15.phase3_shapeit2_mvncall_integrated_v5b.20130502.genotypes.vcf.gz	HG01697	.	15	28365618	A	G	1|1	2
ALL.chr15.phase3_shapeit2_mvncall_integrated_v5b.20130502.genotypes.vcf.gz	HG01700	.	15	28365618	A	G	1|0	1
ALL.chr15.phase3_shapeit2_mvncall_integrated_v5b.20130502.genotypes.vcf.gz	HG01702	.	15	28365618	A	G	1|1	2
ALL.chr15.phase3_shapeit2_mvncall_integrated_v5b.20130502.genotypes.vcf.gz	HG01707	.	15	28365618	A	G	1|0	1
ALL.chr15.phase3_shapeit2_mvncall_integrated_v5b.20130502.genotypes.vcf.gz	HG01710	.	15	28365618	A	G	1|0	1
ALL.chr15.phase3_shapeit2_mvncall_integrated_v5b.20130502.genotypes.vcf.gz	HG01746	.	15	28365618	A	G	1|0	1
ALL.chr15.phase3_shapeit2_mvncall_integrated_v5b.20130502.genotypes.vcf.gz	HG01757	.	15	28365618	A	G	0|1	1
ALL.chr15.phase3_shapeit2_mvncall_integrated_v5b.20130502.genotypes.vcf.gz	HG01761	.	15	28365618	A	G	0|1	1
ALL.chr15.phase3_shapeit2_mvncall_integrated_v5b.20130502.genotypes.vcf.gz	HG01766	.	15	28365618	A	G	0|1	1
ALL.chr15.phase3_shapeit2_mvncall_integrated_v5b.20130502.genotypes.vcf.gz	HG01768	.	15	28365618	A	G	0|1	1
ALL.chr15.phase3_shapeit2_mvncall_integrated_v5b.20130502.genotypes.vcf.gz	HG01770	.	15	28365618	A	G	0|1	1
ALL.chr15.phase3_shapeit2_mvncall_integrated_v5b.20130502.genotypes.vcf.gz	HG01773	.	15	28365618	A	G	0|1	1
ALL.chr15.phase3_shapeit2_mvncall_integrated_v5b.20130502.genotypes.vcf.gz	HG01775	.	15	28365618	A	G	1|1	2
ALL.chr15.phase3_shapeit2_mvncall_integrated_v5b.20130502.genotypes.vcf.gz	HG01776	.	15	28365618	A	G	1|0	1
ALL.chr15.phase3_shapeit2_mvncall_integrated_v5b.20130502.genotypes.vcf.gz	HG01779	.	15	28365618	A	G	1|1	2
ALL.chr15.phase3_shapeit2_mvncall_integrated_v5b.20130502.genotypes.vcf.gz	HG01781	.	15	28365618	A	G	0|1	1
ALL.chr15.phase3_shapeit2_mvncall_integrated_v5b.20130502.genotypes.vcf.gz	HG01783	.	15	28365618	A	G	0|1	1
ALL.chr15.phase3_shapeit2_mvncall_integrated_v5b.20130502.genotypes.vcf.gz	HG01784	.	15	28365618	A	G	0|1	1
ALL.chr15.phase3_shapeit2_mvncall_integrated_v5b.20130502.genotypes.vcf.gz	HG01790	.	15	28365618	A	G	1|1	2
ALL.chr15.phase3_shapeit2_mvncall_integrated_v5b.20130502.genotypes.vcf.gz	HG01791	.	15	28365618	A	G	1|1	2
ALL.chr15.phase3_shapeit2_mvncall_integrated_v5b.20130502.genotypes.vcf.gz	HG01880	.	15	28365618	A	G	0|1	1
ALL.chr15.phase3_shapeit2_mvncall_integrated_v5b.20130502.genotypes.vcf.gz	HG01894	.	15	28365618	A	G	0|1	1
ALL.chr15.phase3_shapeit2_mvncall_integrated_v5b.20130502.genotypes.vcf.gz	HG01912	.	15	28365618	A	G	1|0	1
ALL.chr15.phase3_shapeit2_mvncall_integrated_v5b.20130502.genotypes.vcf.gz	HG01921	.	15	28365618	A	G	1|0	1
ALL.chr15.phase3_shapeit2_mvncall_integrated_v5b.20130502.genotypes.vcf.gz	HG01923	.	15	28365618	A	G	0|1	1
ALL.chr15.phase3_shapeit2_mvncall_integrated_v5b.20130502.genotypes.vcf.gz	HG01935	.	15	28365618	A	G	1|0	1
ALL.chr15.phase3_shapeit2_mvncall_integrated_v5b.20130502.genotypes.vcf.gz	HG01971	.	15	28365618	A	G	1|0	1
ALL.chr15.phase3_shapeit2_mvncall_integrated_v5b.20130502.genotypes.vcf.gz	HG01985	.	15	28365618	A	G	1|0	1
ALL.chr15.phase3_shapeit2_mvncall_integrated_v5b.20130502.genotypes.vcf.gz	HG01986	.	15	28365618	A	G	1|0	1
ALL.chr15.phase3_shapeit2_mvncall_integrated_v5b.20130502.genotypes.vcf.gz	HG01989	.	15	28365618	A	G	0|1	1
ALL.chr15.phase3_shapeit2_mvncall_integrated_v5b.20130502.genotypes.vcf.gz	HG01990	.	15	28365618	A	G	1|0	1
ALL.chr15.phase3_shapeit2_mvncall_integrated_v5b.20130502.genotypes.vcf.gz	HG01992	.	15	28365618	A	G	1|0	1
ALL.chr15.phase3_shapeit2_mvncall_integrated_v5b.20130502.genotypes.vcf.gz	HG02003	.	15	28365618	A	G	0|1	1
ALL.chr15.phase3_shapeit2_mvncall_integrated_v5b.20130502.genotypes.vcf.gz	HG02108	.	15	28365618	A	G	1|0	1
ALL.chr15.phase3_shapeit2_mvncall_integrated_v5b.20130502.genotypes.vcf.gz	HG02146	.	15	28365618	A	G	1|0	1
ALL.chr15.phase3_shapeit2_mvncall_integrated_v5b.20130502.genotypes.vcf.gz	HG02215	.	15	28365618	A	G	1|0	1
ALL.chr15.phase3_shapeit2_mvncall_integrated_v5b.20130502.genotypes.vcf.gz	HG02221	.	15	28365618	A	G	1|1	2
ALL.chr15.phase3_shapeit2_mvncall_integrated_v5b.20130502.genotypes.vcf.gz	HG02223	.	15	28365618	A	G	0|1	1
ALL.chr15.phase3_shapeit2_mvncall_integrated_v5b.20130502.genotypes.vcf.gz	HG02224	.	15	28365618	A	G	0|1	1
ALL.chr15.phase3_shapeit2_mvncall_integrated_v5b.20130502.genotypes.vcf.gz	HG02231	.	15	28365618	A	G	0|1	1
ALL.chr15.phase3_shapeit2_mvncall_integrated_v5b.20130502.genotypes.vcf.gz	HG02232	.	15	28365618	A	G	0|1	1
ALL.chr15.phase3_shapeit2_mvncall_integrated_v5b.20130502.genotypes.vcf.gz	HG02236	.	15	28365618	A	G	1|1	2
ALL.chr15.phase3_shapeit2_mvncall_integrated_v5b.20130502.genotypes.vcf.gz	HG02238	.	15	28365618	A	G	1|0	1
ALL.chr15.phase3_shapeit2_mvncall_integrated_v5b.20130502.genotypes.vcf.gz	HG02239	.	15	28365618	A	G	1|0	1
ALL.chr15.phase3_shapeit2_mvncall_integrated_v5b.20130502.genotypes.vcf.gz	HG02260	.	15	28365618	A	G	1|0	1
ALL.chr15.phase3_shapeit2_mvncall_integrated_v5b.20130502.genotypes.vcf.gz	HG02274	.	15	28365618	A	G	1|0	1
ALL.chr15.phase3_shapeit2_mvncall_integrated_v5b.20130502.genotypes.vcf.gz	HG02275	.	15	28365618	A	G	1|0	1
ALL.chr15.phase3_shapeit2_mvncall_integrated_v5b.20130502.genotypes.vcf.gz	HG02277	.	15	28365618	A	G	0|1	1
ALL.chr15.phase3_shapeit2_mvncall_integrated_v5b.20130502.genotypes.vcf.gz	HG02278	.	15	28365618	A	G	1|0	1
ALL.chr15.phase3_shapeit2_mvncall_integrated_v5b.20130502.genotypes.vcf.gz	HG02282	.	15	28365618	A	G	1|0	1
ALL.chr15.phase3_shapeit2_mvncall_integrated_v5b.20130502.genotypes.vcf.gz	HG02285	.	15	28365618	A	G	1|0	1
ALL.chr15.phase3_shapeit2_mvncall_integrated_v5b.20130502.genotypes.vcf.gz	HG02304	.	15	28365618	A	G	0|1	1
ALL.chr15.phase3_shapeit2_mvncall_integrated_v5b.20130502.genotypes.vcf.gz	HG02308	.	15	28365618	A	G	1|0	1
ALL.chr15.phase3_shapeit2_mvncall_integrated_v5b.20130502.genotypes.vcf.gz	HG02345	.	15	28365618	A	G	0|1	1
ALL.chr15.phase3_shapeit2_mvncall_integrated_v5b.20130502.genotypes.vcf.gz	HG02420	.	15	28365618	A	G	1|0	1
ALL.chr15.phase3_shapeit2_mvncall_integrated_v5b.20130502.genotypes.vcf.gz	HG02465	.	15	28365618	A	G	0|1	1
ALL.chr15.phase3_shapeit2_mvncall_integrated_v5b.20130502.genotypes.vcf.gz	HG02481	.	15	28365618	A	G	1|0	1
ALL.chr15.phase3_shapeit2_mvncall_integrated_v5b.20130502.genotypes.vcf.gz	HG02485	.	15	28365618	A	G	1|1	2
ALL.chr15.phase3_shapeit2_mvncall_integrated_v5b.20130502.genotypes.vcf.gz	HG02557	.	15	28365618	A	G	1|0	1
ALL.chr15.phase3_shapeit2_mvncall_integrated_v5b.20130502.genotypes.vcf.gz	HG02603	.	15	28365618	A	G	1|0	1
ALL.chr15.phase3_shapeit2_mvncall_integrated_v5b.20130502.genotypes.vcf.gz	HG02655	.	15	28365618	A	G	1|0	1
ALL.chr15.phase3_shapeit2_mvncall_integrated_v5b.20130502.genotypes.vcf.gz	HG02657	.	15	28365618	A	G	0|1	1
ALL.chr15.phase3_shapeit2_mvncall_integrated_v5b.20130502.genotypes.vcf.gz	HG02658	.	15	28365618	A	G	1|0	1
ALL.chr15.phase3_shapeit2_mvncall_integrated_v5b.20130502.genotypes.vcf.gz	HG02684	.	15	28365618	A	G	1|1	2
ALL.chr15.phase3_shapeit2_mvncall_integrated_v5b.20130502.genotypes.vcf.gz	HG02685	.	15	28365618	A	G	1|0	1
ALL.chr15.phase3_shapeit2_mvncall_integrated_v5b.20130502.genotypes.vcf.gz	HG02694	.	15	28365618	A	G	0|1	1
ALL.chr15.phase3_shapeit2_mvncall_integrated_v5b.20130502.genotypes.vcf.gz	HG02736	.	15	28365618	A	G	1|0	1
ALL.chr15.phase3_shapeit2_mvncall_integrated_v5b.20130502.genotypes.vcf.gz	HG02775	.	15	28365618	A	G	0|1	1
ALL.chr15.phase3_shapeit2_mvncall_integrated_v5b.20130502.genotypes.vcf.gz	HG02783	.	15	28365618	A	G	0|1	1
ALL.chr15.phase3_shapeit2_mvncall_integrated_v5b.20130502.genotypes.vcf.gz	HG02786	.	15	28365618	A	G	1|0	1
ALL.chr15.phase3_shapeit2_mvncall_integrated_v5b.20130502.genotypes.vcf.gz	HG02790	.	15	28365618	A	G	0|1	1
ALL.chr15.phase3_shapeit2_mvncall_integrated_v5b.20130502.genotypes.vcf.gz	HG02836	.	15	28365618	A	G	1|0	1
ALL.chr15.phase3_shapeit2_mvncall_integrated_v5b.20130502.genotypes.vcf.gz	HG02837	.	15	28365618	A	G	1|0	1
ALL.chr15.phase3_shapeit2_mvncall_integrated_v5b.20130502.genotypes.vcf.gz	HG03024	.	15	28365618	A	G	1|0	1
ALL.chr15.phase3_shapeit2_mvncall_integrated_v5b.20130502.genotypes.vcf.gz	HG03237	.	15	28365618	A	G	1|1	2
ALL.chr15.phase3_shapeit2_mvncall_integrated_v5b.20130502.genotypes.vcf.gz	HG03240	.	15	28365618	A	G	1|0	1
ALL.chr15.phase3_shapeit2_mvncall_integrated_v5b.20130502.genotypes.vcf.gz	HG03488	.	15	28365618	A	G	1|0	1
ALL.chr15.phase3_shapeit2_mvncall_integrated_v5b.20130502.genotypes.vcf.gz	HG03585	.	15	28365618	A	G	0|1	1
ALL.chr15.phase3_shapeit2_mvncall_integrated_v5b.20130502.genotypes.vcf.gz	HG03603	.	15	28365618	A	G	1|0	1
ALL.chr15.phase3_shapeit2_mvncall_integrated_v5b.20130502.genotypes.vcf.gz	HG03631	.	15	28365618	A	G	1|0	1
ALL.chr15.phase3_shapeit2_mvncall_integrated_v5b.20130502.genotypes.vcf.gz	HG03645	.	15	28365618	A	G	1|0	1
ALL.chr15.phase3_shapeit2_mvncall_integrated_v5b.20130502.genotypes.vcf.gz	HG03646	.	15	28365618	A	G	0|1	1
ALL.chr15.phase3_shapeit2_mvncall_integrated_v5b.20130502.genotypes.vcf.gz	HG03649	.	15	28365618	A	G	1|0	1
ALL.chr15.phase3_shapeit2_mvncall_integrated_v5b.20130502.genotypes.vcf.gz	HG03660	.	15	28365618	A	G	0|1	1
ALL.chr15.phase3_shapeit2_mvncall_integrated_v5b.20130502.genotypes.vcf.gz	HG03750	.	15	28365618	A	G	1|0	1
ALL.chr15.phase3_shapeit2_mvncall_integrated_v5b.20130502.genotypes.vcf.gz	HG03771	.	15	28365618	A	G	0|1	1
ALL.chr15.phase3_shapeit2_mvncall_integrated_v5b.20130502.genotypes.vcf.gz	HG03772	.	15	28365618	A	G	0|1	1
ALL.chr15.phase3_shapeit2_mvncall_integrated_v5b.20130502.genotypes.vcf.gz	HG03779	.	15	28365618	A	G	1|0	1
ALL.chr15.phase3_shapeit2_mvncall_integrated_v5b.20130502.genotypes.vcf.gz	HG03800	.	15	28365618	A	G	1|0	1
ALL.chr15.phase3_shapeit2_mvncall_integrated_v5b.20130502.genotypes.vcf.gz	HG03823	.	15	28365618	A	G	0|1	1
ALL.chr15.phase3_shapeit2_mvncall_integrated_v5b.20130502.genotypes.vcf.gz	HG03824	.	15	28365618	A	G	0|1	1
ALL.chr15.phase3_shapeit2_mvncall_integrated_v5b.20130502.genotypes.vcf.gz	HG03830	.	15	28365618	A	G	1|0	1
ALL.chr15.phase3_shapeit2_mvncall_integrated_v5b.20130502.genotypes.vcf.gz	HG03898	.	15	28365618	A	G	0|1	1
ALL.chr15.phase3_shapeit2_mvncall_integrated_v5b.20130502.genotypes.vcf.gz	HG03911	.	15	28365618	A	G	0|1	1
ALL.chr15.phase3_shapeit2_mvncall_integrated_v5b.20130502.genotypes.vcf.gz	HG03916	.	15	28365618	A	G	1|0	1
ALL.chr15.phase3_shapeit2_mvncall_integrated_v5b.20130502.genotypes.vcf.gz	HG03919	.	15	28365618	A	G	1|0	1
ALL.chr15.phase3_shapeit2_mvncall_integrated_v5b.20130502.genotypes.vcf.gz	HG03922	.	15	28365618	A	G	1|0	1
ALL.chr15.phase3_shapeit2_mvncall_integrated_v5b.20130502.genotypes.vcf.gz	HG03940	.	15	28365618	A	G	0|1	1
ALL.chr15.phase3_shapeit2_mvncall_integrated_v5b.20130502.genotypes.vcf.gz	HG03951	.	15	28365618	A	G	0|1	1
ALL.chr15.phase3_shapeit2_mvncall_integrated_v5b.20130502.genotypes.vcf.gz	HG03960	.	15	28365618	A	G	1|0	1
ALL.chr15.phase3_shapeit2_mvncall_integrated_v5b.20130502.genotypes.vcf.gz	HG03967	.	15	28365618	A	G	0|1	1
ALL.chr15.phase3_shapeit2_mvncall_integrated_v5b.20130502.genotypes.vcf.gz	HG04033	.	15	28365618	A	G	1|0	1
ALL.chr15.phase3_shapeit2_mvncall_integrated_v5b.20130502.genotypes.vcf.gz	HG04061	.	15	28365618	A	G	0|1	1
ALL.chr15.phase3_shapeit2_mvncall_integrated_v5b.20130502.genotypes.vcf.gz	HG04062	.	15	28365618	A	G	0|1	1
ALL.chr15.phase3_shapeit2_mvncall_integrated_v5b.20130502.genotypes.vcf.gz	HG04131	.	15	28365618	A	G	1|0	1
ALL.chr15.phase3_shapeit2_mvncall_integrated_v5b.20130502.genotypes.vcf.gz	HG04141	.	15	28365618	A	G	1|0	1
ALL.chr15.phase3_shapeit2_mvncall_integrated_v5b.20130502.genotypes.vcf.gz	HG04146	.	15	28365618	A	G	1|0	1
ALL.chr15.phase3_shapeit2_mvncall_integrated_v5b.20130502.genotypes.vcf.gz	HG04155	.	15	28365618	A	G	1|0	1
ALL.chr15.phase3_shapeit2_mvncall_integrated_v5b.20130502.genotypes.vcf.gz	HG04164	.	15	28365618	A	G	1|0	1
ALL.chr15.phase3_shapeit2_mvncall_integrated_v5b.20130502.genotypes.vcf.gz	HG04186	.	15	28365618	A	G	1|0	1
ALL.chr15.phase3_shapeit2_mvncall_integrated_v5b.20130502.genotypes.vcf.gz	HG04202	.	15	28365618	A	G	0|1	1
ALL.chr15.phase3_shapeit2_mvncall_integrated_v5b.20130502.genotypes.vcf.gz	HG04219	.	15	28365618	A	G	0|1	1
ALL.chr15.phase3_shapeit2_mvncall_integrated_v5b.20130502.genotypes.vcf.gz	HG04235	.	15	28365618	A	G	0|1	1
ALL.chr15.phase3_shapeit2_mvncall_integrated_v5b.20130502.genotypes.vcf.gz	NA06984	.	15	28365618	A	G	1|1	2
ALL.chr15.phase3_shapeit2_mvncall_integrated_v5b.20130502.genotypes.vcf.gz	NA06985	.	15	28365618	A	G	1|1	2
ALL.chr15.phase3_shapeit2_mvncall_integrated_v5b.20130502.genotypes.vcf.gz	NA06986	.	15	28365618	A	G	0|1	1
ALL.chr15.phase3_shapeit2_mvncall_integrated_v5b.20130502.genotypes.vcf.gz	NA06989	.	15	28365618	A	G	1|1	2
ALL.chr15.phase3_shapeit2_mvncall_integrated_v5b.20130502.genotypes.vcf.gz	NA06994	.	15	28365618	A	G	1|1	2
ALL.chr15.phase3_shapeit2_mvncall_integrated_v5b.20130502.genotypes.vcf.gz	NA07000	.	15	28365618	A	G	0|1	1
ALL.chr15.phase3_shapeit2_mvncall_integrated_v5b.20130502.genotypes.vcf.gz	NA07037	.	15	28365618	A	G	0|1	1
ALL.chr15.phase3_shapeit2_mvncall_integrated_v5b.20130502.genotypes.vcf.gz	NA07048	.	15	28365618	A	G	0|1	1
ALL.chr15.phase3_shapeit2_mvncall_integrated_v5b.20130502.genotypes.vcf.gz	NA07051	.	15	28365618	A	G	1|0	1
ALL.chr15.phase3_shapeit2_mvncall_integrated_v5b.20130502.genotypes.vcf.gz	NA07056	.	15	28365618	A	G	1|1	2
ALL.chr15.phase3_shapeit2_mvncall_integrated_v5b.20130502.genotypes.vcf.gz	NA07347	.	15	28365618	A	G	0|1	1
ALL.chr15.phase3_shapeit2_mvncall_integrated_v5b.20130502.genotypes.vcf.gz	NA07357	.	15	28365618	A	G	1|0	1
ALL.chr15.phase3_shapeit2_mvncall_integrated_v5b.20130502.genotypes.vcf.gz	NA10847	.	15	28365618	A	G	0|1	1
ALL.chr15.phase3_shapeit2_mvncall_integrated_v5b.20130502.genotypes.vcf.gz	NA10851	.	15	28365618	A	G	1|1	2
ALL.chr15.phase3_shapeit2_mvncall_integrated_v5b.20130502.genotypes.vcf.gz	NA11829	.	15	28365618	A	G	1|0	1
ALL.chr15.phase3_shapeit2_mvncall_integrated_v5b.20130502.genotypes.vcf.gz	NA11830	.	15	28365618	A	G	1|1	2
ALL.chr15.phase3_shapeit2_mvncall_integrated_v5b.20130502.genotypes.vcf.gz	NA11831	.	15	28365618	A	G	1|1	2
ALL.chr15.phase3_shapeit2_mvncall_integrated_v5b.20130502.genotypes.vcf.gz	NA11832	.	15	28365618	A	G	1|0	1
ALL.chr15.phase3_shapeit2_mvncall_integrated_v5b.20130502.genotypes.vcf.gz	NA11843	.	15	28365618	A	G	1|1	2
ALL.chr15.phase3_shapeit2_mvncall_integrated_v5b.20130502.genotypes.vcf.gz	NA11881	.	15	28365618	A	G	1|1	2
ALL.chr15.phase3_shapeit2_mvncall_integrated_v5b.20130502.genotypes.vcf.gz	NA11892	.	15	28365618	A	G	0|1	1
ALL.chr15.phase3_shapeit2_mvncall_integrated_v5b.20130502.genotypes.vcf.gz	NA11894	.	15	28365618	A	G	1|1	2
ALL.chr15.phase3_shapeit2_mvncall_integrated_v5b.20130502.genotypes.vcf.gz	NA11918	.	15	28365618	A	G	1|1	2
ALL.chr15.phase3_shapeit2_mvncall_integrated_v5b.20130502.genotypes.vcf.gz	NA11919	.	15	28365618	A	G	1|0	1
ALL.chr15.phase3_shapeit2_mvncall_integrated_v5b.20130502.genotypes.vcf.gz	NA11920	.	15	28365618	A	G	1|1	2
ALL.chr15.phase3_shapeit2_mvncall_integrated_v5b.20130502.genotypes.vcf.gz	NA11930	.	15	28365618	A	G	1|1	2
ALL.chr15.phase3_shapeit2_mvncall_integrated_v5b.20130502.genotypes.vcf.gz	NA11931	.	15	28365618	A	G	0|1	1
ALL.chr15.phase3_shapeit2_mvncall_integrated_v5b.20130502.genotypes.vcf.gz	NA11932	.	15	28365618	A	G	1|0	1
ALL.chr15.phase3_shapeit2_mvncall_integrated_v5b.20130502.genotypes.vcf.gz	NA11933	.	15	28365618	A	G	1|1	2
ALL.chr15.phase3_shapeit2_mvncall_integrated_v5b.20130502.genotypes.vcf.gz	NA11992	.	15	28365618	A	G	0|1	1
ALL.chr15.phase3_shapeit2_mvncall_integrated_v5b.20130502.genotypes.vcf.gz	NA11994	.	15	28365618	A	G	0|1	1
ALL.chr15.phase3_shapeit2_mvncall_integrated_v5b.20130502.genotypes.vcf.gz	NA11995	.	15	28365618	A	G	1|0	1
ALL.chr15.phase3_shapeit2_mvncall_integrated_v5b.20130502.genotypes.vcf.gz	NA12003	.	15	28365618	A	G	1|1	2
ALL.chr15.phase3_shapeit2_mvncall_integrated_v5b.20130502.genotypes.vcf.gz	NA12004	.	15	28365618	A	G	1|1	2
ALL.chr15.phase3_shapeit2_mvncall_integrated_v5b.20130502.genotypes.vcf.gz	NA12005	.	15	28365618	A	G	1|1	2
ALL.chr15.phase3_shapeit2_mvncall_integrated_v5b.20130502.genotypes.vcf.gz	NA12006	.	15	28365618	A	G	1|1	2
ALL.chr15.phase3_shapeit2_mvncall_integrated_v5b.20130502.genotypes.vcf.gz	NA12043	.	15	28365618	A	G	1|1	2
ALL.chr15.phase3_shapeit2_mvncall_integrated_v5b.20130502.genotypes.vcf.gz	NA12044	.	15	28365618	A	G	1|0	1
ALL.chr15.phase3_shapeit2_mvncall_integrated_v5b.20130502.genotypes.vcf.gz	NA12045	.	15	28365618	A	G	1|0	1
ALL.chr15.phase3_shapeit2_mvncall_integrated_v5b.20130502.genotypes.vcf.gz	NA12046	.	15	28365618	A	G	1|1	2
ALL.chr15.phase3_shapeit2_mvncall_integrated_v5b.20130502.genotypes.vcf.gz	NA12058	.	15	28365618	A	G	1|0	1
ALL.chr15.phase3_shapeit2_mvncall_integrated_v5b.20130502.genotypes.vcf.gz	NA12144	.	15	28365618	A	G	0|1	1
ALL.chr15.phase3_shapeit2_mvncall_integrated_v5b.20130502.genotypes.vcf.gz	NA12154	.	15	28365618	A	G	1|1	2
ALL.chr15.phase3_shapeit2_mvncall_integrated_v5b.20130502.genotypes.vcf.gz	NA12155	.	15	28365618	A	G	0|1	1
ALL.chr15.phase3_shapeit2_mvncall_integrated_v5b.20130502.genotypes.vcf.gz	NA12156	.	15	28365618	A	G	1|0	1
ALL.chr15.phase3_shapeit2_mvncall_integrated_v5b.20130502.genotypes.vcf.gz	NA12234	.	15	28365618	A	G	1|1	2
ALL.chr15.phase3_shapeit2_mvncall_integrated_v5b.20130502.genotypes.vcf.gz	NA12249	.	15	28365618	A	G	1|1	2
ALL.chr15.phase3_shapeit2_mvncall_integrated_v5b.20130502.genotypes.vcf.gz	NA12272	.	15	28365618	A	G	1|1	2
ALL.chr15.phase3_shapeit2_mvncall_integrated_v5b.20130502.genotypes.vcf.gz	NA12273	.	15	28365618	A	G	1|0	1
ALL.chr15.phase3_shapeit2_mvncall_integrated_v5b.20130502.genotypes.vcf.gz	NA12275	.	15	28365618	A	G	1|1	2
ALL.chr15.phase3_shapeit2_mvncall_integrated_v5b.20130502.genotypes.vcf.gz	NA12282	.	15	28365618	A	G	0|1	1
ALL.chr15.phase3_shapeit2_mvncall_integrated_v5b.20130502.genotypes.vcf.gz	NA12283	.	15	28365618	A	G	1|1	2
ALL.chr15.phase3_shapeit2_mvncall_integrated_v5b.20130502.genotypes.vcf.gz	NA12286	.	15	28365618	A	G	1|1	2
ALL.chr15.phase3_shapeit2_mvncall_integrated_v5b.20130502.genotypes.vcf.gz	NA12287	.	15	28365618	A	G	1|1	2
ALL.chr15.phase3_shapeit2_mvncall_integrated_v5b.20130502.genotypes.vcf.gz	NA12340	.	15	28365618	A	G	1|0	1
ALL.chr15.phase3_shapeit2_mvncall_integrated_v5b.20130502.genotypes.vcf.gz	NA12341	.	15	28365618	A	G	0|1	1
ALL.chr15.phase3_shapeit2_mvncall_integrated_v5b.20130502.genotypes.vcf.gz	NA12342	.	15	28365618	A	G	1|1	2
ALL.chr15.phase3_shapeit2_mvncall_integrated_v5b.20130502.genotypes.vcf.gz	NA12347	.	15	28365618	A	G	1|1	2
ALL.chr15.phase3_shapeit2_mvncall_integrated_v5b.20130502.genotypes.vcf.gz	NA12348	.	15	28365618	A	G	0|1	1
ALL.chr15.phase3_shapeit2_mvncall_integrated_v5b.20130502.genotypes.vcf.gz	NA12383	.	15	28365618	A	G	1|1	2
ALL.chr15.phase3_shapeit2_mvncall_integrated_v5b.20130502.genotypes.vcf.gz	NA12399	.	15	28365618	A	G	1|0	1
ALL.chr15.phase3_shapeit2_mvncall_integrated_v5b.20130502.genotypes.vcf.gz	NA12400	.	15	28365618	A	G	1|1	2
ALL.chr15.phase3_shapeit2_mvncall_integrated_v5b.20130502.genotypes.vcf.gz	NA12413	.	15	28365618	A	G	1|1	2
ALL.chr15.phase3_shapeit2_mvncall_integrated_v5b.20130502.genotypes.vcf.gz	NA12414	.	15	28365618	A	G	1|1	2
ALL.chr15.phase3_shapeit2_mvncall_integrated_v5b.20130502.genotypes.vcf.gz	NA12489	.	15	28365618	A	G	1|1	2
ALL.chr15.phase3_shapeit2_mvncall_integrated_v5b.20130502.genotypes.vcf.gz	NA12546	.	15	28365618	A	G	1|0	1
ALL.chr15.phase3_shapeit2_mvncall_integrated_v5b.20130502.genotypes.vcf.gz	NA12716	.	15	28365618	A	G	1|1	2
ALL.chr15.phase3_shapeit2_mvncall_integrated_v5b.20130502.genotypes.vcf.gz	NA12717	.	15	28365618	A	G	1|1	2
ALL.chr15.phase3_shapeit2_mvncall_integrated_v5b.20130502.genotypes.vcf.gz	NA12718	.	15	28365618	A	G	1|1	2
ALL.chr15.phase3_shapeit2_mvncall_integrated_v5b.20130502.genotypes.vcf.gz	NA12748	.	15	28365618	A	G	1|1	2
ALL.chr15.phase3_shapeit2_mvncall_integrated_v5b.20130502.genotypes.vcf.gz	NA12749	.	15	28365618	A	G	1|1	2
ALL.chr15.phase3_shapeit2_mvncall_integrated_v5b.20130502.genotypes.vcf.gz	NA12750	.	15	28365618	A	G	0|1	1
ALL.chr15.phase3_shapeit2_mvncall_integrated_v5b.20130502.genotypes.vcf.gz	NA12751	.	15	28365618	A	G	1|1	2
ALL.chr15.phase3_shapeit2_mvncall_integrated_v5b.20130502.genotypes.vcf.gz	NA12760	.	15	28365618	A	G	0|1	1
ALL.chr15.phase3_shapeit2_mvncall_integrated_v5b.20130502.genotypes.vcf.gz	NA12761	.	15	28365618	A	G	1|0	1
ALL.chr15.phase3_shapeit2_mvncall_integrated_v5b.20130502.genotypes.vcf.gz	NA12762	.	15	28365618	A	G	1|1	2
ALL.chr15.phase3_shapeit2_mvncall_integrated_v5b.20130502.genotypes.vcf.gz	NA12763	.	15	28365618	A	G	1|1	2
ALL.chr15.phase3_shapeit2_mvncall_integrated_v5b.20130502.genotypes.vcf.gz	NA12775	.	15	28365618	A	G	1|1	2
ALL.chr15.phase3_shapeit2_mvncall_integrated_v5b.20130502.genotypes.vcf.gz	NA12776	.	15	28365618	A	G	1|1	2
ALL.chr15.phase3_shapeit2_mvncall_integrated_v5b.20130502.genotypes.vcf.gz	NA12777	.	15	28365618	A	G	1|1	2
ALL.chr15.phase3_shapeit2_mvncall_integrated_v5b.20130502.genotypes.vcf.gz	NA12778	.	15	28365618	A	G	1|1	2
ALL.chr15.phase3_shapeit2_mvncall_integrated_v5b.20130502.genotypes.vcf.gz	NA12812	.	15	28365618	A	G	0|1	1
ALL.chr15.phase3_shapeit2_mvncall_integrated_v5b.20130502.genotypes.vcf.gz	NA12813	.	15	28365618	A	G	1|1	2
ALL.chr15.phase3_shapeit2_mvncall_integrated_v5b.20130502.genotypes.vcf.gz	NA12814	.	15	28365618	A	G	1|1	2
ALL.chr15.phase3_shapeit2_mvncall_integrated_v5b.20130502.genotypes.vcf.gz	NA12815	.	15	28365618	A	G	1|1	2
ALL.chr15.phase3_shapeit2_mvncall_integrated_v5b.20130502.genotypes.vcf.gz	NA12827	.	15	28365618	A	G	1|0	1
ALL.chr15.phase3_shapeit2_mvncall_integrated_v5b.20130502.genotypes.vcf.gz	NA12828	.	15	28365618	A	G	0|1	1
ALL.chr15.phase3_shapeit2_mvncall_integrated_v5b.20130502.genotypes.vcf.gz	NA12829	.	15	28365618	A	G	1|1	2
ALL.chr15.phase3_shapeit2_mvncall_integrated_v5b.20130502.genotypes.vcf.gz	NA12830	.	15	28365618	A	G	0|1	1
ALL.chr15.phase3_shapeit2_mvncall_integrated_v5b.20130502.genotypes.vcf.gz	NA12842	.	15	28365618	A	G	1|1	2
ALL.chr15.phase3_shapeit2_mvncall_integrated_v5b.20130502.genotypes.vcf.gz	NA12843	.	15	28365618	A	G	1|1	2
ALL.chr15.phase3_shapeit2_mvncall_integrated_v5b.20130502.genotypes.vcf.gz	NA12872	.	15	28365618	A	G	1|0	1
ALL.chr15.phase3_shapeit2_mvncall_integrated_v5b.20130502.genotypes.vcf.gz	NA12874	.	15	28365618	A	G	1|1	2
ALL.chr15.phase3_shapeit2_mvncall_integrated_v5b.20130502.genotypes.vcf.gz	NA12878	.	15	28365618	A	G	1|1	2
ALL.chr15.phase3_shapeit2_mvncall_integrated_v5b.20130502.genotypes.vcf.gz	NA12890	.	15	28365618	A	G	1|1	2
ALL.chr15.phase3_shapeit2_mvncall_integrated_v5b.20130502.genotypes.vcf.gz	NA19625	.	15	28365618	A	G	0|1	1
ALL.chr15.phase3_shapeit2_mvncall_integrated_v5b.20130502.genotypes.vcf.gz	NA19648	.	15	28365618	A	G	0|1	1
ALL.chr15.phase3_shapeit2_mvncall_integrated_v5b.20130502.genotypes.vcf.gz	NA19649	.	15	28365618	A	G	1|0	1
ALL.chr15.phase3_shapeit2_mvncall_integrated_v5b.20130502.genotypes.vcf.gz	NA19658	.	15	28365618	A	G	0|1	1
ALL.chr15.phase3_shapeit2_mvncall_integrated_v5b.20130502.genotypes.vcf.gz	NA19669	.	15	28365618	A	G	1|0	1
ALL.chr15.phase3_shapeit2_mvncall_integrated_v5b.20130502.genotypes.vcf.gz	NA19670	.	15	28365618	A	G	0|1	1
ALL.chr15.phase3_shapeit2_mvncall_integrated_v5b.20130502.genotypes.vcf.gz	NA19679	.	15	28365618	A	G	1|1	2
ALL.chr15.phase3_shapeit2_mvncall_integrated_v5b.20130502.genotypes.vcf.gz	NA19684	.	15	28365618	A	G	1|0	1
ALL.chr15.phase3_shapeit2_mvncall_integrated_v5b.20130502.genotypes.vcf.gz	NA19703	.	15	28365618	A	G	0|1	1
ALL.chr15.phase3_shapeit2_mvncall_integrated_v5b.20130502.genotypes.vcf.gz	NA19707	.	15	28365618	A	G	1|0	1
ALL.chr15.phase3_shapeit2_mvncall_integrated_v5b.20130502.genotypes.vcf.gz	NA19716	.	15	28365618	A	G	1|1	2
ALL.chr15.phase3_shapeit2_mvncall_integrated_v5b.20130502.genotypes.vcf.gz	NA19723	.	15	28365618	A	G	1|0	1
ALL.chr15.phase3_shapeit2_mvncall_integrated_v5b.20130502.genotypes.vcf.gz	NA19734	.	15	28365618	A	G	0|1	1
ALL.chr15.phase3_shapeit2_mvncall_integrated_v5b.20130502.genotypes.vcf.gz	NA19747	.	15	28365618	A	G	1|1	2
ALL.chr15.phase3_shapeit2_mvncall_integrated_v5b.20130502.genotypes.vcf.gz	NA19773	.	15	28365618	A	G	1|1	2
ALL.chr15.phase3_shapeit2_mvncall_integrated_v5b.20130502.genotypes.vcf.gz	NA19774	.	15	28365618	A	G	1|0	1
ALL.chr15.phase3_shapeit2_mvncall_integrated_v5b.20130502.genotypes.vcf.gz	NA19777	.	15	28365618	A	G	0|1	1
ALL.chr15.phase3_shapeit2_mvncall_integrated_v5b.20130502.genotypes.vcf.gz	NA19779	.	15	28365618	A	G	1|1	2
ALL.chr15.phase3_shapeit2_mvncall_integrated_v5b.20130502.genotypes.vcf.gz	NA19782	.	15	28365618	A	G	0|1	1
ALL.chr15.phase3_shapeit2_mvncall_integrated_v5b.20130502.genotypes.vcf.gz	NA19789	.	15	28365618	A	G	1|1	2
ALL.chr15.phase3_shapeit2_mvncall_integrated_v5b.20130502.genotypes.vcf.gz	NA19914	.	15	28365618	A	G	1|0	1
ALL.chr15.phase3_shapeit2_mvncall_integrated_v5b.20130502.genotypes.vcf.gz	NA19921	.	15	28365618	A	G	1|0	1
ALL.chr15.phase3_shapeit2_mvncall_integrated_v5b.20130502.genotypes.vcf.gz	NA19922	.	15	28365618	A	G	0|1	1
ALL.chr15.phase3_shapeit2_mvncall_integrated_v5b.20130502.genotypes.vcf.gz	NA19923	.	15	28365618	A	G	1|0	1
ALL.chr15.phase3_shapeit2_mvncall_integrated_v5b.20130502.genotypes.vcf.gz	NA20274	.	15	28365618	A	G	0|1	1
ALL.chr15.phase3_shapeit2_mvncall_integrated_v5b.20130502.genotypes.vcf.gz	NA20278	.	15	28365618	A	G	1|0	1
ALL.chr15.phase3_shapeit2_mvncall_integrated_v5b.20130502.genotypes.vcf.gz	NA20294	.	15	28365618	A	G	0|1	1
ALL.chr15.phase3_shapeit2_mvncall_integrated_v5b.20130502.genotypes.vcf.gz	NA20317	.	15	28365618	A	G	1|0	1
ALL.chr15.phase3_shapeit2_mvncall_integrated_v5b.20130502.genotypes.vcf.gz	NA20334	.	15	28365618	A	G	1|1	2
ALL.chr15.phase3_shapeit2_mvncall_integrated_v5b.20130502.genotypes.vcf.gz	NA20342	.	15	28365618	A	G	1|0	1
ALL.chr15.phase3_shapeit2_mvncall_integrated_v5b.20130502.genotypes.vcf.gz	NA20351	.	15	28365618	A	G	0|1	1
ALL.chr15.phase3_shapeit2_mvncall_integrated_v5b.20130502.genotypes.vcf.gz	NA20355	.	15	28365618	A	G	1|0	1
ALL.chr15.phase3_shapeit2_mvncall_integrated_v5b.20130502.genotypes.vcf.gz	NA20356	.	15	28365618	A	G	1|0	1
ALL.chr15.phase3_shapeit2_mvncall_integrated_v5b.20130502.genotypes.vcf.gz	NA20502	.	15	28365618	A	G	1|0	1
ALL.chr15.phase3_shapeit2_mvncall_integrated_v5b.20130502.genotypes.vcf.gz	NA20503	.	15	28365618	A	G	1|0	1
ALL.chr15.phase3_shapeit2_mvncall_integrated_v5b.20130502.genotypes.vcf.gz	NA20504	.	15	28365618	A	G	1|0	1
ALL.chr15.phase3_shapeit2_mvncall_integrated_v5b.20130502.genotypes.vcf.gz	NA20505	.	15	28365618	A	G	0|1	1
ALL.chr15.phase3_shapeit2_mvncall_integrated_v5b.20130502.genotypes.vcf.gz	NA20506	.	15	28365618	A	G	1|0	1
ALL.chr15.phase3_shapeit2_mvncall_integrated_v5b.20130502.genotypes.vcf.gz	NA20507	.	15	28365618	A	G	0|1	1
ALL.chr15.phase3_shapeit2_mvncall_integrated_v5b.20130502.genotypes.vcf.gz	NA20510	.	15	28365618	A	G	0|1	1
ALL.chr15.phase3_shapeit2_mvncall_integrated_v5b.20130502.genotypes.vcf.gz	NA20512	.	15	28365618	A	G	0|1	1
ALL.chr15.phase3_shapeit2_mvncall_integrated_v5b.20130502.genotypes.vcf.gz	NA20513	.	15	28365618	A	G	0|1	1
ALL.chr15.phase3_shapeit2_mvncall_integrated_v5b.20130502.genotypes.vcf.gz	NA20517	.	15	28365618	A	G	0|1	1
ALL.chr15.phase3_shapeit2_mvncall_integrated_v5b.20130502.genotypes.vcf.gz	NA20518	.	15	28365618	A	G	0|1	1
ALL.chr15.phase3_shapeit2_mvncall_integrated_v5b.20130502.genotypes.vcf.gz	NA20519	.	15	28365618	A	G	0|1	1
ALL.chr15.phase3_shapeit2_mvncall_integrated_v5b.20130502.genotypes.vcf.gz	NA20521	.	15	28365618	A	G	1|0	1
ALL.chr15.phase3_shapeit2_mvncall_integrated_v5b.20130502.genotypes.vcf.gz	NA20524	.	15	28365618	A	G	1|0	1
ALL.chr15.phase3_shapeit2_mvncall_integrated_v5b.20130502.genotypes.vcf.gz	NA20525	.	15	28365618	A	G	1|0	1
ALL.chr15.phase3_shapeit2_mvncall_integrated_v5b.20130502.genotypes.vcf.gz	NA20530	.	15	28365618	A	G	0|1	1
ALL.chr15.phase3_shapeit2_mvncall_integrated_v5b.20130502.genotypes.vcf.gz	NA20531	.	15	28365618	A	G	1|0	1
ALL.chr15.phase3_shapeit2_mvncall_integrated_v5b.20130502.genotypes.vcf.gz	NA20532	.	15	28365618	A	G	1|0	1
ALL.chr15.phase3_shapeit2_mvncall_integrated_v5b.20130502.genotypes.vcf.gz	NA20533	.	15	28365618	A	G	1|1	2
ALL.chr15.phase3_shapeit2_mvncall_integrated_v5b.20130502.genotypes.vcf.gz	NA20534	.	15	28365618	A	G	0|1	1
ALL.chr15.phase3_shapeit2_mvncall_integrated_v5b.20130502.genotypes.vcf.gz	NA20539	.	15	28365618	A	G	1|0	1
ALL.chr15.phase3_shapeit2_mvncall_integrated_v5b.20130502.genotypes.vcf.gz	NA20540	.	15	28365618	A	G	1|1	2
ALL.chr15.phase3_shapeit2_mvncall_integrated_v5b.20130502.genotypes.vcf.gz	NA20543	.	15	28365618	A	G	0|1	1
ALL.chr15.phase3_shapeit2_mvncall_integrated_v5b.20130502.genotypes.vcf.gz	NA20544	.	15	28365618	A	G	1|0	1
ALL.chr15.phase3_shapeit2_mvncall_integrated_v5b.20130502.genotypes.vcf.gz	NA20581	.	15	28365618	A	G	1|0	1
ALL.chr15.phase3_shapeit2_mvncall_integrated_v5b.20130502.genotypes.vcf.gz	NA20582	.	15	28365618	A	G	0|1	1
ALL.chr15.phase3_shapeit2_mvncall_integrated_v5b.20130502.genotypes.vcf.gz	NA20585	.	15	28365618	A	G	1|1	2
ALL.chr15.phase3_shapeit2_mvncall_integrated_v5b.20130502.genotypes.vcf.gz	NA20586	.	15	28365618	A	G	1|1	2
ALL.chr15.phase3_shapeit2_mvncall_integrated_v5b.20130502.genotypes.vcf.gz	NA20588	.	15	28365618	A	G	1|0	1
ALL.chr15.phase3_shapeit2_mvncall_integrated_v5b.20130502.genotypes.vcf.gz	NA20589	.	15	28365618	A	G	0|1	1
ALL.chr15.phase3_shapeit2_mvncall_integrated_v5b.20130502.genotypes.vcf.gz	NA20752	.	15	28365618	A	G	1|0	1
ALL.chr15.phase3_shapeit2_mvncall_integrated_v5b.20130502.genotypes.vcf.gz	NA20755	.	15	28365618	A	G	0|1	1
ALL.chr15.phase3_shapeit2_mvncall_integrated_v5b.20130502.genotypes.vcf.gz	NA20756	.	15	28365618	A	G	1|1	2
ALL.chr15.phase3_shapeit2_mvncall_integrated_v5b.20130502.genotypes.vcf.gz	NA20757	.	15	28365618	A	G	1|0	1
ALL.chr15.phase3_shapeit2_mvncall_integrated_v5b.20130502.genotypes.vcf.gz	NA20758	.	15	28365618	A	G	1|1	2
ALL.chr15.phase3_shapeit2_mvncall_integrated_v5b.20130502.genotypes.vcf.gz	NA20759	.	15	28365618	A	G	1|1	2
ALL.chr15.phase3_shapeit2_mvncall_integrated_v5b.20130502.genotypes.vcf.gz	NA20761	.	15	28365618	A	G	0|1	1
ALL.chr15.phase3_shapeit2_mvncall_integrated_v5b.20130502.genotypes.vcf.gz	NA20762	.	15	28365618	A	G	0|1	1
ALL.chr15.phase3_shapeit2_mvncall_integrated_v5b.20130502.genotypes.vcf.gz	NA20763	.	15	28365618	A	G	1|0	1
ALL.chr15.phase3_shapeit2_mvncall_integrated_v5b.20130502.genotypes.vcf.gz	NA20764	.	15	28365618	A	G	0|1	1
ALL.chr15.phase3_shapeit2_mvncall_integrated_v5b.20130502.genotypes.vcf.gz	NA20765	.	15	28365618	A	G	0|1	1
ALL.chr15.phase3_shapeit2_mvncall_integrated_v5b.20130502.genotypes.vcf.gz	NA20768	.	15	28365618	A	G	0|1	1
ALL.chr15.phase3_shapeit2_mvncall_integrated_v5b.20130502.genotypes.vcf.gz	NA20769	.	15	28365618	A	G	1|1	2
ALL.chr15.phase3_shapeit2_mvncall_integrated_v5b.20130502.genotypes.vcf.gz	NA20771	.	15	28365618	A	G	0|1	1
ALL.chr15.phase3_shapeit2_mvncall_integrated_v5b.20130502.genotypes.vcf.gz	NA20772	.	15	28365618	A	G	1|0	1
ALL.chr15.phase3_shapeit2_mvncall_integrated_v5b.20130502.genotypes.vcf.gz	NA20773	.	15	28365618	A	G	1|0	1
ALL.chr15.phase3_shapeit2_mvncall_integrated_v5b.20130502.genotypes.vcf.gz	NA20774	.	15	28365618	A	G	1|1	2
ALL.chr15.phase3_shapeit2_mvncall_integrated_v5b.20130502.genotypes.vcf.gz	NA20778	.	15	28365618	A	G	1|0	1
ALL.chr15.phase3_shapeit2_mvncall_integrated_v5b.20130502.genotypes.vcf.gz	NA20783	.	15	28365618	A	G	1|0	1
ALL.chr15.phase3_shapeit2_mvncall_integrated_v5b.20130502.genotypes.vcf.gz	NA20785	.	15	28365618	A	G	1|1	2
ALL.chr15.phase3_shapeit2_mvncall_integrated_v5b.20130502.genotypes.vcf.gz	NA20786	.	15	28365618	A	G	0|1	1
ALL.chr15.phase3_shapeit2_mvncall_integrated_v5b.20130502.genotypes.vcf.gz	NA20787	.	15	28365618	A	G	0|1	1
ALL.chr15.phase3_shapeit2_mvncall_integrated_v5b.20130502.genotypes.vcf.gz	NA20790	.	15	28365618	A	G	1|1	2
ALL.chr15.phase3_shapeit2_mvncall_integrated_v5b.20130502.genotypes.vcf.gz	NA20792	.	15	28365618	A	G	1|1	2
ALL.chr15.phase3_shapeit2_mvncall_integrated_v5b.20130502.genotypes.vcf.gz	NA20797	.	15	28365618	A	G	1|1	2
ALL.chr15.phase3_shapeit2_mvncall_integrated_v5b.20130502.genotypes.vcf.gz	NA20799	.	15	28365618	A	G	0|1	1
ALL.chr15.phase3_shapeit2_mvncall_integrated_v5b.20130502.genotypes.vcf.gz	NA20802	.	15	28365618	A	G	0|1	1
ALL.chr15.phase3_shapeit2_mvncall_integrated_v5b.20130502.genotypes.vcf.gz	NA20804	.	15	28365618	A	G	1|0	1
ALL.chr15.phase3_shapeit2_mvncall_integrated_v5b.20130502.genotypes.vcf.gz	NA20805	.	15	28365618	A	G	1|1	2
ALL.chr15.phase3_shapeit2_mvncall_integrated_v5b.20130502.genotypes.vcf.gz	NA20806	.	15	28365618	A	G	1|0	1
ALL.chr15.phase3_shapeit2_mvncall_integrated_v5b.20130502.genotypes.vcf.gz	NA20808	.	15	28365618	A	G	0|1	1
ALL.chr15.phase3_shapeit2_mvncall_integrated_v5b.20130502.genotypes.vcf.gz	NA20809	.	15	28365618	A	G	1|0	1
ALL.chr15.phase3_shapeit2_mvncall_integrated_v5b.20130502.genotypes.vcf.gz	NA20810	.	15	28365618	A	G	1|0	1
ALL.chr15.phase3_shapeit2_mvncall_integrated_v5b.20130502.genotypes.vcf.gz	NA20813	.	15	28365618	A	G	0|1	1
ALL.chr15.phase3_shapeit2_mvncall_integrated_v5b.20130502.genotypes.vcf.gz	NA20814	.	15	28365618	A	G	1|1	2
ALL.chr15.phase3_shapeit2_mvncall_integrated_v5b.20130502.genotypes.vcf.gz	NA20815	.	15	28365618	A	G	1|0	1
ALL.chr15.phase3_shapeit2_mvncall_integrated_v5b.20130502.genotypes.vcf.gz	NA20818	.	15	28365618	A	G	1|1	2
ALL.chr15.phase3_shapeit2_mvncall_integrated_v5b.20130502.genotypes.vcf.gz	NA20819	.	15	28365618	A	G	0|1	1
ALL.chr15.phase3_shapeit2_mvncall_integrated_v5b.20130502.genotypes.vcf.gz	NA20821	.	15	28365618	A	G	0|1	1
ALL.chr15.phase3_shapeit2_mvncall_integrated_v5b.20130502.genotypes.vcf.gz	NA20822	.	15	28365618	A	G	1|0	1
ALL.chr15.phase3_shapeit2_mvncall_integrated_v5b.20130502.genotypes.vcf.gz	NA20826	.	15	28365618	A	G	0|1	1
ALL.chr15.phase3_shapeit2_mvncall_integrated_v5b.20130502.genotypes.vcf.gz	NA20828	.	15	28365618	A	G	1|0	1
ALL.chr15.phase3_shapeit2_mvncall_integrated_v5b.20130502.genotypes.vcf.gz	NA20832	.	15	28365618	A	G	1|1	2
ALL.chr15.phase3_shapeit2_mvncall_integrated_v5b.20130502.genotypes.vcf.gz	NA20845	.	15	28365618	A	G	1|0	1
ALL.chr15.phase3_shapeit2_mvncall_integrated_v5b.20130502.genotypes.vcf.gz	NA20858	.	15	28365618	A	G	1|0	1
ALL.chr15.phase3_shapeit2_mvncall_integrated_v5b.20130502.genotypes.vcf.gz	NA20861	.	15	28365618	A	G	0|1	1
ALL.chr15.phase3_shapeit2_mvncall_integrated_v5b.20130502.genotypes.vcf.gz	NA20864	.	15	28365618	A	G	1|0	1
ALL.chr15.phase3_shapeit2_mvncall_integrated_v5b.20130502.genotypes.vcf.gz	NA20876	.	15	28365618	A	G	0|1	1
ALL.chr15.phase3_shapeit2_mvncall_integrated_v5b.20130502.genotypes.vcf.gz	NA20881	.	15	28365618	A	G	1|0	1
ALL.chr15.phase3_shapeit2_mvncall_integrated_v5b.20130502.genotypes.vcf.gz	NA20884	.	15	28365618	A	G	0|1	1
ALL.chr15.phase3_shapeit2_mvncall_integrated_v5b.20130502.genotypes.vcf.gz	NA20886	.	15	28365618	A	G	1|0	1
ALL.chr15.phase3_shapeit2_mvncall_integrated_v5b.20130502.genotypes.vcf.gz	NA20891	.	15	28365618	A	G	0|1	1
ALL.chr15.phase3_shapeit2_mvncall_integrated_v5b.20130502.genotypes.vcf.gz	NA20894	.	15	28365618	A	G	0|1	1
ALL.chr15.phase3_shapeit2_mvncall_integrated_v5b.20130502.genotypes.vcf.gz	NA20900	.	15	28365618	A	G	1|0	1
ALL.chr15.phase3_shapeit2_mvncall_integrated_v5b.20130502.genotypes.vcf.gz	NA20903	.	15	28365618	A	G	1|0	1
ALL.chr15.phase3_shapeit2_mvncall_integrated_v5b.20130502.genotypes.vcf.gz	NA20911	.	15	28365618	A	G	1|0	1
ALL.chr15.phase3_shapeit2_mvncall_integrated_v5b.20130502.genotypes.vcf.gz	NA21088	.	15	28365618	A	G	1|0	1
ALL.chr15.phase3_shapeit2_mvncall_integrated_v5b.20130502.genotypes.vcf.gz	NA21099	.	15	28365618	A	G	1|0	1
ALL.chr15.phase3_shapeit2_mvncall_integrated_v5b.20130502.genotypes.vcf.gz	NA21101	.	15	28365618	A	G	0|1	1
ALL.chr15.phase3_shapeit2_mvncall_integrated_v5b.20130502.genotypes.vcf.gz	NA21143	.	15	28365618	A	G	1|0	1
